Name of the source,Country,Web link,Facebook link,YouTube link,Twitter Link,Source Type,Standards,Ownership Location,Political Leaning,Electoral Leaning,Geo-Political,Readership,Longevity,,,,,,,,,,,,,
Adevărul,RO,https://adevarul.ro/,https://www.facebook.com/Adevarul/,https://www.youtube.com/user/MyAdevarul,,Private Media,,,,,,,,,,,,,,,,,,,,
Hotnews,RO,https://www.hotnews.ro/,https://www.facebook.com/www.hotnews.ro/,https://www.youtube.com/user/hotnewsromania,,Private Media,,,,,,,,,,,,,,,,,,,,
Digi24,RO,https://www.digi24.ro/,https://www.facebook.com/Digi24HD/,https://www.youtube.com/channel/UCefmgg-Gy_2xsAIbMal4VRw,,Private Media,,,,,,,,,,,,,,,,,,,,
ProTV,RO,https://stirileprotv.ro/,https://www.facebook.com/StirileProTV/,https://www.youtube.com/channel/UCEJf5cGtkBdZS8Jh2uSW9xw,,Private Media,,,,,,,,,,,,,,,,,,,,
Libertatea,RO,https://www.libertatea.ro/,https://www.facebook.com/libertatea/,https://www.youtube.com/user/libertatearo,,Private Media,,,,,,,,,,,,,,,,,,,,
RomaniaTV,RO,https://www.romaniatv.net/,https://www.facebook.com/RomaniaTV/,https://www.youtube.com/watch?v=B6Wbj8AYFJE,,Private Media,,,,,,,,,,,,,,,,,,,,
Realitatea TV,RO,https://www.realitatea.net/,https://www.facebook.com/portalul.realitatea.net,https://www.youtube.com/channel/UCO4RZJR_9WZmS-qRA3tMMTg,,Private Media,,,,,,,,,,,,,,,,,,,,
Evenimentul Zilei,RO,https://evz.ro/,https://www.facebook.com/evz.ro/,N/A,,Private Media,,,,,,,,,,,,,,,,,,,,
B1 TV,RO,https://www.b1.ro/,https://www.facebook.com/B1TV.Romania/,https://www.youtube.com/user/B1TVChannel,,Private Media,,,,,,,,,,,,,,,,,,,,
Europa FM,RO,https://www.europafm.ro/,https://www.facebook.com/europafmromania/,https://www.youtube.com/user/clubvipeuropafm,,Private Media,,,,,,,,,,,,,,,,,,,,
Antena 3,RO,https://www.antena3.ro/,https://www.facebook.com/Antena3Oficial/,https://www.youtube.com/user/antena3ro,,Private Media,,,,,,,,,,,,,,,,,,,,
Radio Romania-Actualitati,RO,http://www.romania-actualitati.ro/,https://www.facebook.com/romaniaactualitati/,https://www.youtube.com/watch?v=3kdQhrsqa8k,,Public Media,,,,,,,,,,,,,,,,,,,,
Radion France International Romania,RO,https://www.rfi.ro/,https://www.facebook.com/RFI.Romania.FM/,N/A,,Private Media,,,,,,,,,,,,,,,,,,,,
TVR 1,RO,http://tvr1.tvr.ro/,https://www.facebook.com/fanTVR1/,https://www.youtube.com/user/TVRcanaluloficial,,Public Media,,,,,,,,,,,,,,,,,,,,
G4Media,RO,https://www.g4media.ro/,https://www.facebook.com/g4media.ro/,https://www.youtube.com/channel/UCy18ElVAyfTEVHC4HYAcj5g,,Private Media,,,,,,,,,,,,,,,,,,,,
Jurnalul National,RO,https://jurnalul.antena3.ro/stiri/,https://www.facebook.com/jurnalulnational.ro/,N/A,,Private Media,,,,,,,,,,,,,,,,,,,,
Observator,RO,https://observator.tv/,https://www.facebook.com/ObservatorAntena1/,https://www.youtube.com/user/ObservatorTVAntena1,,Private Media,,,,,,,,,,,,,,,,,,,,
România Liberă,RO,https://romanialibera.ro/,https://www.facebook.com/romanialibera.ro/,N/A,,Private Media,,,,,,,,,,,,,,,,,,,,
Mediafax,RO,https://www.mediafax.ro/,https://www.facebook.com/Mediafax-Top-News-145349325621701/,https://www.youtube.com/user/MediafaxRO,,Private Media,,,,,,,,,,,,,,,,,,,,
Radio Free Europe/ Radio Liberty,RO,https://romania.europalibera.org/,https://www.facebook.com/romania.europalibera/,https://www.youtube.com/channel/UCOk4Hl2jxsTJ4AoyV2zukoQ,,Private Media,,,,,,,,,,,,,,,,,,,,
Ziare.com,RO,http://www.ziare.com/,https://www.facebook.com/Ziare.com/,https://www.youtube.com/channel/UCjVFsYAndF_3oizyLM9q6eg,,Private Media,,,,,,,,,,,,,,,,,,,,
Capital,RO,https://www.capital.ro/,https://www.facebook.com/capital.ro/,N/A,,Private Media,,,,,,,,,,,,,,,,,,,,
PressOne,RO,https://pressone.ro/,https://www.facebook.com/pressoneromania/,https://www.youtube.com/channel/UCibAabz1FDPjhAtzuYYp4tA/featured,,Private Media,,,,,,,,,,,,,,,,,,,,
Bursa,RO,http://www.bursa.ro/,https://www.facebook.com/BURSAziarul,https://www.youtube.com/user/BursaVideos,,Private Media,,,,,,,,,,,,,,,,,,,,
Gândul,RO,https://www.gandul.info,https://www.facebook.com/Gandul.info/,https://www.facebook.com/Gandul.info/,,Private Media,,,,,,,,,,,,,,,,,,,,
Ziarul Financiar,RO,https://www.zf.ro/,https://www.facebook.com/ZIARULFINANCIAR/,https://www.youtube.com/channel/UC0nggDVchmmO7ikV4NosYhg,,Private Media,,,,,,,,,,,,,,,,,,,,
Agerpres,RO,www.agerpres.ro,https://www.facebook.com/AGERPRES/,https://www.youtube.com/channel/UCfnP_igK3BPLst-QTmIh0Wg,,Public Media,,,,,,,,,,,,,,,,,,,,
Recorder,RO,https://recorder.ro/,https://www.facebook.com/myrecorder/,https://www.youtube.com/channel/UChDQ6nYN6XyRU-8IEgbym1g,,Private Media,,,,,,,,,,,,,,,,,,,,
Contributors,RO,http://www.contributors.ro/,https://www.facebook.com/www.contributors.ro/,N/A,,Private Media,,,,,,,,,,,,,,,,,,,,
Decat o Revista,RO,https://www.decatorevista.ro,https://www.facebook.com/DecatoRevista/,https://www.youtube.com/user/decatorevista,,Private Media,,,,,,,,,,,,,,,,,,,,
Republica,RO,https://republica.ro,https://www.facebook.com/groups/1522212121423984/,N/A,,Private Media,,,,,,,,,,,,,,,,,,,,
Click!,RO,https://www.click.ro/,https://www.facebook.com/click.ro/,https://www.youtube.com/user/ClickRoOfficial,,Private Media,,,,,,,,,,,,,,,,,,,,
Radio Guerrilla,RO,https://www.guerrillaradio.ro/,https://www.facebook.com/radio.guerrilla/,https://www.youtube.com/user/guerrilive,,Private Media,,,,,,,,,,,,,,,,,,,,
Historia,RO,https://www.historia.ro/,https://www.facebook.com/HistoriaRomania/,N/A,,Private Media,,,,,,,,,,,,,,,,,,,,
Antena 1,RO,https://a1.ro/,https://www.facebook.com/antena1official/,https://www.youtube.com/user/Antena1AntenaTVGroup,,Private Media,,,,,,,,,,,,,,,,,,,,
Bună Ziua Iași,RO,https://www.bzi.ro/,https://www.facebook.com/cotidianul.bzi/,https://www.youtube.com/user/bunaziuaiasinews,,Private Media,,,,,,,,,,,,,,,,,,,,
Dilema Veche,RO,https://dilemaveche.ro/,https://www.facebook.com/dilemaveche/,https://www.youtube.com/user/Dilemaveche,,Private Media,,,,,,,,,,,,,,,,,,,,
Ziarul Unirea,RO,https://ziarulunirea.ro/,https://www.facebook.com/www.ziarulunirea.ro/,https://www.youtube.com/user/TVUnirea,,Private Media,,,,,,,,,,,,,,,,,,,,
Pagina de media,RO,https://www.paginademedia.ro/,https://www.facebook.com/paginademedia/,https://www.youtube.com/channel/UCwsjWH2vqV6ci-5fxHh2iSw,,Private Media,,,,,,,,,,,,,,,,,,,,
VICE Romania,RO,https://www.vice.com/ro,https://www.facebook.com/viceromania/,N/A,,Private Media,,,,,,,,,,,,,,,,,,,,
Kanal D,RO,https://www.kanald.ro/,https://www.facebook.com/kanald/,https://www.youtube.com/user/KanalDRo,,Private Media,,,,,,,,,,,,,,,,,,,,
Prima TV,RO,https://www.primatv.ro/,https://www.facebook.com/PrimaTVRomania/,https://www.youtube.com/user/PrimaTVoficial,,Private Media,,,,,,,,,,,,,,,,,,,,
Curs de guvernare,RO,https://cursdeguvernare.ro/,https://www.facebook.com/CursDeGuvernare.ro/,https://www.youtube.com/channel/UCtqKcta_NcVa2R-V4woO-ow,,Private Media,,,,,,,,,,,,,,,,,,,,
Calea Europeană,RO,https://www.caleaeuropeana.ro/,https://www.facebook.com/CaleaEuropeana/,https://www.youtube.com/channel/UCpJJ6laxejKbZzqglgwtxYw,,Private Media,,,,,,,,,,,,,,,,,,,,
Newsweek Romania,RO,https://newsweek.ro/,https://www.facebook.com/Newsweek-Rom%C3%A2nia-628510354276830/,https://www.youtube.com/channel/UCEJQeyINOPtjuXHj0ZdlHlw,,Private Media,,,,,,,,,,,,,,,,,,,,
News.ro,RO,https://www.news.ro/,https://www.facebook.com/AgentiaNews.ro/,https://www.youtube.com/channel/UCHVBe-yKM9SijWuo3_uUokg,,Private Media,,,,,,,,,,,,,,,,,,,,
Revista 22,RO,https://revista22.ro/,https://www.facebook.com/revista22.ro/,N/A,,Private Media,,,,,,,,,,,,,,,,,,,,
Epoch Times Romania,RO,https://epochtimes-romania.com/,https://www.facebook.com/epochtimesro/,https://www.youtube.com/user/TheEpochTimesRomania,,Private Media,,Foreign,,,,,,,,,,,,,,,,,,
Sputnik,RO,https://sputnik.md/,https://www.facebook.com/sputnikmdro/?ref=br_rs,https://www.youtube.com/channel/UCPEI0-ppgbW51ziRMTejCdw,,State Media,Questionable,Foreign,N/A,N/A,Pro-Russia,Unknown,Well established (>10 years old),,,,,,,,,,,,,
Romania Online,RO,http://rol.ro/,https://www.facebook.com/ROL.ro/,https://www.youtube.com/channel/UCqr5w50iZ_qVmAw5OSTEVeQ,,,Questionable,,,,,,,,,,,,,,,,,,,
Nașul TV,RO,https://www.nasul.tv/,https://www.facebook.com/Nasul.tv/,https://www.youtube.com/channel/UCMFV995cxHmkWoFSPx5WiiA,,,Questionable,,,,,,,,,,,,,,,,,,,
Activenews,RO,https://www.activenews.ro/,https://www.activenews.ro/,https://www.youtube.com/user/ActiveNewsRomania,,,Questionable,,,,,,,,,,,,,,,,,,,
fluierul.ro,RO,http://fluierul.ro/index.jsp,https://www.facebook.com/FluierulRomania/,N/A,,,Questionable,,,,,,,,,,,,,,,,,,,
vremuritulburi.com,RO,https://vremuritulburi.com/,https://www.facebook.com/Vremuri-tulburi-1482860082000139/,N/A,,,Questionable,,,,,,,,,,,,,,,,,,,
reporteronline.net,RO,http://reporteronline.net/,N/A,N/A,,,Questionable,,,,,,,,,,,,,,,,,,,
nationalisti.ro,RO,http://www.nationalisti.ro/,https://www.facebook.com/romania14,https://www.youtube.com/channel/UCdOZZ6WLzH-NSUboaMt7bLQ,,,Questionable,,,,,,,,,,,,,,,,,,,
stiripesurse.ro,RO,https://www.stiripesurse.ro/,https://www.facebook.com/stiripesurse.ro,N/A,,,Questionable,,,,,,,,,,,,,,,,,,,
comisarul.ro,RO,https://www.comisarul.ro/,https://www.facebook.com/comisarul.ro,N/A,,,Questionable,,,,,,,,,,,,,,,,,,,
napocanews.ro,RO,http://www.napocanews.ro/,https://www.facebook.com/NapocaNews/,N/A,,,Questionable,,,,,,,,,,,,,,,,,,,
flux24.ro,RO,https://www.flux24.ro/,https://www.facebook.com/flux24/,https://www.flux24.ro/,,,Questionable,,,,,,,,,,,,,,,,,,,
inpolitics.ro,RO,http://inpolitics.ro/,https://www.facebook.com/inpolitics.ro/,N/A,,,Questionable,,,,,,,,,,,,,,,,,,,
dcnews.ro,RO,https://www.dcnews.ro/,https://www.facebook.com/dcnews.ro/,N/A,,,Questionable,,,,,,,,,,,,,,,,,,,
criticatac.ro,RO,http://www.criticatac.ro,https://www.facebook.com/criticatac/,N/A,,,Questionable,,,,,,,,,,,,,,,,,,,
Psnews.ro,RO,https://psnews.ro/,https://www.facebook.com/putereastirilor/,,,,Questionable,,,,,,,,,,,,,,,,,,,
luju.ro,RO,https://www.luju.ro/,https://www.facebook.com/Lumea-Justitiei-109709519102987/,N/A,,,Questionable,,,,,,,,,,,,,,,,,,,
alternativenews.ro,RO,https://www.alternativenews.ro/,https://www.facebook.com/alternativenewsro/,https://www.youtube.com/channel/UCDXqokX1TIuObbiQ9Db2wgg,,,Questionable,,,,,,,,,,,,,,,,,,,
stiri-extreme.ro,RO,https://www.stiri-extreme.ro,https://www.facebook.com/stiriextreme2/,N/A,,,Questionable,,,,,,,,,,,,,,,,,,,
efemeride.ro,RO,https://www.notabn.ro,https://www.facebook.com/nota.bn/,N/A,,,Questionable,,,,,,,,,,,,,,,,,,,
inliniedreapta.ro,RO,http://inliniedreapta.net/,https://www.facebook.com/InLinieDreapta/,N/A,,,Questionable,,,,,,,,,,,,,,,,,,,
caplimpede.ro,RO,https://caplimpede.ro/,https://www.facebook.com/CapLimpedeRomania/,N/A,,,Questionable,,,,,,,,,,,,,,,,,,,
Q Magazine,RO,https://www.qmagazine.ro/,https://www.facebook.com/qmagazineromania/,https://www.youtube.com/channel/UCPknB_WFxFBJEwvk1KJrxmA,,,Questionable,,,,,,,,,,,,,,,,,,,
Podul,RO,https://www.podul.ro/,https://www.facebook.com/PodulRo/,N/A,,,Questionable,,,,,,,,,,,,,,,,,,,
Socialistul,RO,http://www.socialistul.ro/,https://www.facebook.com/socialistul/,N/A,,,Questionable,,,,,,,,,,,,,,,,,,,
Făclia,RO,http://ziarulfaclia.ro/,https://www.facebook.com/facliadecluj/,N/A,,,Questionable,,,,,,,,,,,,,,,,,,,
Foaia Națională,RO,https://foaienationala.ro/,N/A,N/A,,,Questionable,,,,,,,,,,,,,,,,,,,
Basilica,RO,https://basilica.ro/,https://www.facebook.com/basilica.ro/,https://www.youtube.com/channel/UCh6MZX0N9faHq70F4kBDBeA,,,Questionable,,,,,,,,,,,,,,,,,,,
Cunoaste Lumea,RO,http://www.cunoastelumea.ro/,https://www.facebook.com/CunoasteLumearo-1576373705944579/,N/A,,,Questionable,,,,,,,,,,,,,,,,,,,
Prodocens Media,RO,,,https://www.youtube.com/channel/UCw2tQuijs2ZDJ78zMI7BdxA,,,Questionable,,,,,,,,,,,,,,,,,,,
Secretele Omenirii,RO,,,https://www.youtube.com/user/InternetEventsToday,,,Questionable,,,,,,,,,,,,,,,,,,,
Misterele Istoriei,RO,,,https://www.youtube.com/user/InternetEventsToday,,,Questionable,,,,,,,,,,,,,,,,,,,
6 TV,RO,,,https://www.youtube.com/channel/UCWtYfI4WDxjjOmepETLkO2Q,,,Questionable,,,,,,,,,,,,,,,,,,,
Metin Cerchez,RO,,,https://www.youtube.com/channel/UCnRE2CoYBMZeDKRrQ6jfK6Q,,,Questionable,,,,,,,,,,,,,,,,,,,
Trinitas TV,RO,https://www.trinitas.tv/,https://www.facebook.com/groups/1732489173656780/,N/A,,,Political Bias,,,,,,,,,,,,,,,,,,,
Speranța TV,RO,https://www.sperantatv.ro/urmareste-live/,https://www.facebook.com/sperantatv.ro/,https://www.youtube.com/user/SperantaTVOficial,,,Political Bias,,,,,,,,,,,,,,,,,,,
Credo TV,RO,https://www.credo.tv/,https://www.facebook.com/credotv/,https://www.youtube.com/user/CredoTVonline,,,Political Bias,,,,,,,,,,,,,,,,,,,
Doxologia,RO,https://doxologia.ro/,https://www.facebook.com/doxologia.ro/,https://www.youtube.com/channel/UC48EI8pmHeFuZIn1O4qKu8A,,,Political Bias,,,,,,,,,,,,,,,,,,,
Paul Rusu,RO,https://www.paularusu.ro/,https://www.facebook.com/paula.rusu.39,https://www.youtube.com/channel/UCi1QQVBFw6CcOFe2JenkEgA,,Individual,Political Bias,,,,,,,,,,,,,,,,,,,
Olivia Steer,RO,http://oliviasteer.ro/,https://www.facebook.com/oliviasteer,N/A,,Individual,Political Bias,,,,,,,,,,,,,,,,,,,
Coalitia pentru Familie,RO,N/A,https://www.facebook.com/coalitiapentrufamilie/,https://www.youtube.com/channel/UCts8mn2aM5e059gKf8A2vIQ,,,Political Bias,,,,,,,,,,,,,,,,,,,
Cuvantul Orthodox,RO,http://www.cuvantul-ortodox.ro/,https://www.facebook.com/groups/cuvantortodox/,https://www.youtube.com/channel/UCs5qIdf8h0stQ5M3JV2gboQ,,,Political Bias,,,,,,,,,,,,,,,,,,,
Dana Budeanu,RO,https://substantial.ro/,https://www.facebook.com/dana.budeanu.79,https://www.youtube.com/channel/UC1I306_R3G3ZyEFNFAe-qkg,,Individual,Political Bias,,,,,,,,,,,,,,,,,,,
Asociatia Accept,RO,https://www.acceptromania.ro/,https://www.facebook.com/asociatia.accept/,https://www.youtube.com/user/AsociatiaACCEPT,,,Political Bias,,,,,,,,,,,,,,,,,,,
Pro Vaccin,RO,https://provaccin.wordpress.com/,N/A,N/A,,,Political Bias,,,,,,,,,,,,,,,,,,,
Pro Imunizare,RO,https://www.proimunizare.ro/,https://www.facebook.com/stopgripa/,https://www.youtube.com/channel/UCpmJFvk56C7ncdoSmM3SRUQ,,,Political Bias,,,,,,,,,,,,,,,,,,,
Ion Coja,RO,https://ioncoja.ro,https://www.facebook.com/ioncoja.ro/,https://www.youtube.com/channel/UCvNrNKVMbbYhtXkl8P3RCuQ,,Individual,Political Bias,,,,,,,,,,,,,,,,,,,
Cunoaste Lumea,RO,http://www.cunoastelumea.ro/,https://www.facebook.com/CunoasteLumearo-1576373705944579/,N/A,,,Political Bias,,,,,,,,,,,,,,,,,,,
Resurse Crestine,RO,https://www.resursecrestine.ro/,https://www.facebook.com/resursecrestine/,https://www.youtube.com/user/danaindia,,,Political Bias,,,,,,,,,,,,,,,,,,,
Fiti Oameni!,RO,https://www.fiti-oameni.ro/,https://www.facebook.com/FitiOameni/,https://www.youtube.com/user/fitioameniro,,,Political Bias,,,,,,,,,,,,,,,,,,,
Intercer,RO,https://intercer.net/,https://www.facebook.com/intercer.romania/,N/A,,,Political Bias,,,,,,,,,,,,,,,,,,,
Misiune,RO,https://www.misiune.ro/,N/A,N/A,,,Political Bias,,,,,,,,,,,,,,,,,,,
Tanar Crestin,RO,http://www.tanarcrestin.net/,N/A,N/A,,,Political Bias,,,,,,,,,,,,,,,,,,,
Radio Agape,RO,https://radioagape.ro/,https://www.facebook.com/RadioAgapeRomania/,https://www.youtube.com/channel/UCIq9G8WohYafzpXeM27L3aw,,,Political Bias,,,,,,,,,,,,,,,,,,,
Parteneri in misiune,RO,https://www.pimromania.ro/,https://www.facebook.com/Parteneriinmisiune/,N/A,,,Political Bias,,,,,,,,,,,,,,,,,,,
Agapia,RO,https://agapianus.wordpress.com/,https://www.facebook.com/Agapia-126373424094910/,N/A,,,Political Bias,,,,,,,,,,,,,,,,,,,
Crestin Total,RO,https://crestintotal.ro/,https://www.facebook.com/crestintotal.ro/,N/A,,,Political Bias,,,,,,,,,,,,,,,,,,,
Ramanian Times,RO,https://www.romaniantimes.com,https://www.facebook.com/romaniantimesus/,N/A,,,Political Bias,,,,,,,,,,,,,,,,,,,
ROST,RO,https://www.rostonline.ro/,https://www.facebook.com/RevistaRost,N/A,,,Political Bias,,,,,,,,,,,,,,,,,,,
Pro Vita,RO,http://www.provitabucuresti.ro/,https://www.facebook.com/provitabucuresti/,N/A,,,Political Bias,,,,,,,,,,,,,,,,,,,
Identitatea Romaneasca,RO,https://identitatea.ro/,https://www.facebook.com/identitatea/,N/A,,,Political Bias,,,,,,,,,,,,,,,,,,,
Protectie Electromagnetica,RO,https://protectie-electromagnetica.ro/cmo/,N/A,N/A,,,Political Bias,,,,,,,,,,,,,,,,,,,
Vocea Consumatorilor,RO,https://www.apc-romania.ro/ro/home.html,N/A,N/A,,,Political Bias,,,,,,,,,,,,,,,,,,,
Mihai Alexandru Hash,RO,,https://www.facebook.com/MihaiAhash/,,,,Quality,,,,,,,,,,,,,,,,,,,
Ministerul Afacerilor Interne,RO,,https://www.facebook.com/ministeruldeinterne/,,,,Quality,,,,,,,,,,,,,,,,,,,
Times New Roman,RO,,https://www.facebook.com/timesnewroman.ro/,,,,Quality,,,,,,,,,,,,,,,,,,,
Tudor Chirila,RO,,https://www.facebook.com/TudorChirilaOfficial/,,,,Quality,,,,,,,,,,,,,,,,,,,
Ministerul Apararii,RO,,https://www.facebook.com/mapn.ro/,,,,Quality,,,,,,,,,,,,,,,,,,,
Marian Godină,RO,,https://www.facebook.com/godinamarian/,,,,Quality,,,,,,,,,,,,,,,,,,,
Dragos Patraru,RO,,https://www.facebook.com/StareaNatiei/,,,,Quality,,,,,,,,,,,,,,,,,,,
tetelejurnal,RO,,https://www.facebook.com/tetelejurnal/,,,,Quality,,,,,,,,,,,,,,,,,,,
Cristian Tudor Popescu,RO,,https://www.facebook.com/CTPopescu,,,,Quality,,,,,,,,,,,,,,,,,,,
Siegfried Muresan,RO,,https://www.facebook.com/SiegfriedMEP/,,,,Quality,,,,,,,,,,,,,,,,,,,
Cațavencii,RO,,https://www.facebook.com/catavencii/,,,,Quality,,,,,,,,,,,,,,,,,,,
Raed Arafat,RO,,https://www.facebook.com/DrRaedArafat/,,,,Quality,,,,,,,,,,,,,,,,,,,
Catalin Tolontan,RO,,https://www.facebook.com/catalintolontan/,,,,Quality,,,,,,,,,,,,,,,,,,,
Ministerul Sănătății,RO,,https://www.facebook.com/MinisterulSanatatii/,,,,Quality,,,,,,,,,,,,,,,,,,,
Radu Tudor,RO,,https://www.facebook.com/PunctuldeIntalnire/,,,,Quality,,,,,,,,,,,,,,,,,,,
Mihai Sora,RO,,https://www.facebook.com/mihaisora/,,,,Quality,,,,,,,,,,,,,,,,,,,
Nicușor Dan,RO,,https://www.facebook.com/NicusorDan.ro/,,,,Quality,,,,,,,,,,,,,,,,,,,
Rise Project,RO,,https://www.facebook.com/RiseProjectRo/,,,,Quality,,,,,,,,,,,,,,,,,,,
Monica Macovei,RO,,https://www.facebook.com/MonicaMacoveiUE/,,,,Quality,,,,,,,,,,,,,,,,,,,
Adrian Năstase,RO,,https://www.facebook.com/Nastase.Adrian/,,,,Quality,,,,,,,,,,,,,,,,,,,
Mircea Geoană,RO,,https://www.facebook.com/mircea.geoana/,,,,Quality,,,,,,,,,,,,,,,,,,,
Moise Guran,RO,,https://www.facebook.com/Moise-Blog-511769435576569/,,,,Quality,,,,,,,,,,,,,,,,,,,
Mihai Chirică,RO,,https://www.facebook.com/Mihai.Chirica.Iasi/,,,,Quality,,,,,,,,,,,,,,,,,,,
Remus Cernea,RO,,https://www.facebook.com/remus.cernea/,,,,Quality,,,,,,,,,,,,,,,,,,,
Traian Berbeceanu,RO,,https://www.facebook.com/BerbeceanuTraian/,,,,Quality,,,,,,,,,,,,,,,,,,,
Ambasada USA in Romania,RO,,https://www.facebook.com/bucharest.usembassy/,,,,Quality,,,,,,,,,,,,,,,,,,,
Ambasada Suediei in Romania,RO,,https://www.facebook.com/SverigesAmbassadiBukarest/,,,,Quality,,,,,,,,,,,,,,,,,,,
Claudiu Pandaru,RO,,https://www.facebook.com/claudiu.pandaru/,,,,Quality,,,,,,,,,,,,,,,,,,,
Cap Limpede,RO,,https://www.facebook.com/CapLimpedeRomania/,,,,Quality,,,,,,,,,,,,,,,,,,,
Florin Negrutiu,RO,,https://www.facebook.com/negrutiu.florin/,,,,Quality,,,,,,,,,,,,,,,,,,,
Casa Jurnalistului,RO,,https://www.facebook.com/casa.jurnalistului/,,,,Quality,,,,,,,,,,,,,,,,,,,
Andrei Plesu,RO,,https://www.facebook.com/aplesuneoficial,,,,Quality,,,,,,,,,,,,,,,,,,,
Andreea Paul,RO,,https://www.facebook.com/andreea.maria.paul/,,,,Quality,,,,,,,,,,,,,,,,,,,
Marius Manole,RO,,https://www.facebook.com/mariusmanoleoficial/,,,,Quality,,,,,,,,,,,,,,,,,,,
Dragos Bucurenci,RO,,https://www.facebook.com/dbucurenci/,,,,Quality,,,,,,,,,,,,,,,,,,,
Simona Tache,RO,,https://www.facebook.com/SimonaTache.ro/,,,,Quality,,,,,,,,,,,,,,,,,,,
Cristian Ghinea,RO,,https://www.facebook.com/Cristian.Ghinea.Oficial/,,,,Quality,,,,,,,,,,,,,,,,,,,
Ana Birchal,RO,,https://www.facebook.com/birchallana/,,,,Quality,,,,,,,,,,,,,,,,,,,
Repatriot,RO,,https://www.facebook.com/repatriot/,,,,Quality,,,,,,,,,,,,,,,,,,,
Gheorghe Piperea,RO,,https://www.facebook.com/gheorghe.piperea/,,,,Quality,,,,,,,,,,,,,,,,,,,
Dan Tăpălagă,RO,,https://www.facebook.com/DanTapalagaOficial/,,,,Quality,,,,,,,,,,,,,,,,,,,
Ministerul Afacerilor Externe,RO,,https://www.facebook.com/mae.romania/,,,,Quality,,,,,,,,,,,,,,,,,,,
Vlad Craioveanu,RO,,https://www.facebook.com/VladCraioveanuOfficial/,,,,Quality,,,,,,,,,,,,,,,,,,,
Robert Turcescu,RO,,https://www.facebook.com/turcescu/,,,,Quality,,,,,,,,,,,,,,,,,,,
Economica,RO,,https://www.facebook.com/ECONOMICA.net/,,,,Quality,,,,,,,,,,,,,,,,,,,
Adelin Petrișor,RO,,https://www.facebook.com/adelinpetrisor/,,,,Quality,,,,,,,,,,,,,,,,,,,
funky citizens,RO,,https://www.facebook.com/funkycitizens/,,,,Quality,,,,,,,,,,,,,,,,,,,
Mihai Dobrovolschi,RO,,https://www.facebook.com/estedobro/,,,,Quality,,,,,,,,,,,,,,,,,,,
Impact Hub Bucharest,RO,,https://www.facebook.com/ImpactHubBucharest/,,,,Quality,,,,,,,,,,,,,,,,,,,
Factual,RO,,https://www.facebook.com/factual.ro/,,,,Quality,,,,,,,,,,,,,,,,,,,
Cristian Seidler,RO,,https://www.facebook.com/Cristian.Seidler.USR/,,,,Quality,,,,,,,,,,,,,,,,,,,
Cristian Danileț,RO,,https://www.facebook.com/jud.Cristi.Danilet/,,,,Quality,,,,,,,,,,,,,,,,,,,
Institutul pentru Politici Publice,RO,,https://www.facebook.com/InstitutulPoliticiPublice/,,,,Quality,,,,,,,,,,,,,,,,,,,
Scena 9,RO,,https://www.facebook.com/scenanoua/,,,,Quality,,,,,,,,,,,,,,,,,,,
Cristian Ghica,RO,,https://www.facebook.com/senatorcristianghica/,,,,Quality,,,,,,,,,,,,,,,,,,,
Zoso.ro,RO,,https://www.facebook.com/zoso.ro/,,,,Quality,,,,,,,,,,,,,,,,,,,
Vlad Petreanu,RO,,https://www.facebook.com/petreanu.vlad/,,,,Quality,,,,,,,,,,,,,,,,,,,
Lucian Mândruță,RO,,https://www.facebook.com/LucianMindrutaLive/,,,,Quality,,,,,,,,,,,,,,,,,,,
Ambasada Marii Britanii,RO,,https://www.facebook.com/BritishEmbassyBucharest/,,,,Quality,,,,,,,,,,,,,,,,,,,
Ema Zeicescu,RO,,https://www.facebook.com/Zeiceasca/,,,,Quality,,,,,,,,,,,,,,,,,,,
Code 4 Romania,RO,,https://www.facebook.com/code4romania/,,,,Quality,,,,,,,,,,,,,,,,,,,
Ambasada Germaniei,RO,,https://www.facebook.com/AmbasadaGermaniei/,,,,Quality,,,,,,,,,,,,,,,,,,,
Centrul Ceh,RO,,https://www.facebook.com/centrulceh/,,,,Quality,,,,,,,,,,,,,,,,,,,
Active Watch,RO,,https://www.facebook.com/ActiveWatch/,,,,Quality,,,,,,,,,,,,,,,,,,,
romanian business leaders,RO,,https://www.facebook.com/fundatiaRBL/,,,,Quality,,,,,,,,,,,,,,,,,,,
Sorin Ioniță,RO,,https://www.facebook.com/sorin.ionita.16,,,,Quality,,,,,,,,,,,,,,,,,,,
FairPress,RO,,https://www.facebook.com/fairpress.eu/,,,,Quality,,,,,,,,,,,,,,,,,,,
Friends for Friends,RO,,https://www.facebook.com/FundatiaFriendsForFriends/,,,,Quality,,,,,,,,,,,,,,,,,,,
Dan Turturică,RO,,https://www.facebook.com/DCTurturica/,,,,Quality,,,,,,,,,,,,,,,,,,,
Kamikaze,RO,,https://www.facebook.com/kamikazeonline.ro/,,,,Quality,,,,,,,,,,,,,,,,,,,
the antrepreneurship academy,RO,,https://www.facebook.com/TheEntrepreneurshipAcademy/,,,,Quality,,,,,,,,,,,,,,,,,,,
Dela0,RO,,https://www.facebook.com/Dela0.ro/,,,,Quality,,,,,,,,,,,,,,,,,,,
vedemjust.ro,RO,,https://www.facebook.com/vedemjust.ro/,,,,Quality,,,,,,,,,,,,,,,,,,,
Business Review,RO,,https://www.facebook.com/BusinessReview.eu/,,,,Quality,,,,,,,,,,,,,,,,,,,
Expertforum,RO,,https://www.facebook.com/ExpertForum/,,,,Quality,,,,,,,,,,,,,,,,,,,
Respect,RO,,https://www.facebook.com/respectpentrutoti/,,,,Quality,,,,,,,,,,,,,,,,,,,
Remus Pricopie,RO,,https://www.facebook.com/remus.pricopie/,,,,Quality,,,,,,,,,,,,,,,,,,,
petre florin manole,RO,,https://www.facebook.com/P.F.Manole/,,,,Quality,,,,,,,,,,,,,,,,,,,
Ambasada Olandei in Romania,RO,,https://www.facebook.com/DutchEmbassyRomania/,,,,Quality,,,,,,,,,,,,,,,,,,,
Andreea Roșca,RO,,https://www.facebook.com/andreearosca.ro/,,,,Quality,,,,,,,,,,,,,,,,,,,
Gabriel Biriș,RO,,https://www.facebook.com/GabrielBiris/,,,,Quality,,,,,,,,,,,,,,,,,,,
Centrul pentru Jurnalism Independent,RO,,https://www.facebook.com/Centrul.Jurnalism.Independent/,,,,Quality,,,,,,,,,,,,,,,,,,,
Sinteza,RO,,https://www.facebook.com/sintezarevistadeculturasigandirestrategica/,,,,Quality,,,,,,,,,,,,,,,,,,,
Aspen Institute Romania,RO,,https://www.facebook.com/AspenInstituteRomania/,,,,Quality,,,,,,,,,,,,,,,,,,,
George Butunoiu,RO,,https://www.facebook.com/George.Butunoiu.Executive.Search/,,,,Quality,,,,,,,,,,,,,,,,,,,
Ciprian Ciucu,RO,,https://www.facebook.com/CiprianCiucuPagina/,,,,Quality,,,,,,,,,,,,,,,,,,,
nwradu.ro,RO,,https://www.facebook.com/nwradu.ro/,,,,Quality,,,,,,,,,,,,,,,,,,,
Leaders for Justice,RO,,https://www.facebook.com/leadersforjustice/,,,,Quality,,,,,,,,,,,,,,,,,,,
Europuls,RO,,https://www.facebook.com/europuls/,,,,Quality,,,,,,,,,,,,,,,,,,,
Frontline Club Bucharest,RO,,https://www.facebook.com/FrontlineClubBucharest/,,,,Quality,,,,,,,,,,,,,,,,,,,
Alexandru Toma Pătrașcu,RO,,https://www.facebook.com/AlexandruTomaPatrascu/,,,,Quality,,,,,,,,,,,,,,,,,,,
Liviu Mihaiu,RO,,https://www.facebook.com/liviumihaiupunctro/,,,,Quality,,,,,,,,,,,,,,,,,,,
Silviu Sergiu,RO,,https://www.facebook.com/silviu.sergiu/,,,,Quality,,,,,,,,,,,,,,,,,,,
Oana Pelea,RO,,https://www.facebook.com/oanapelleateatru/,,,,Quality,,,,,,,,,,,,,,,,,,,
Riscograma,RO,,https://www.facebook.com/riscograma.ro/,,,,Quality,,,,,,,,,,,,,,,,,,,
George Gima,RO,,https://www.facebook.com/georgegimaplus/,,,,Quality,,,,,,,,,,,,,,,,,,,
Dragoș Ivan,RO,,https://www.facebook.com/Avocat.Ivan.Dragos.Lucian/,,,,Quality,,,,,,,,,,,,,,,,,,,
Fiecare Vot,RO,,https://www.facebook.com/FiecareVot/,,,,Quality,,,,,,,,,,,,,,,,,,,
Serban Marinescu,RO,,https://www.facebook.com/serbanmarinescuUSR/,,,,Quality,,,,,,,,,,,,,,,,,,,
Societatea Academică din România,RO,,https://www.facebook.com/SocietateaAcademicadinRomania/,,,,Quality,,,,,,,,,,,,,,,,,,,
Cristian Socol,RO,,https://www.facebook.com/Cristian-Socol-452494044880161/,,,,Quality,,,,,,,,,,,,,,,,,,,
APADOR-CH,RO,,https://www.facebook.com/APADOR.CH/,,,,Quality,,,,,,,,,,,,,,,,,,,
Sanda Nicola,RO,,https://www.facebook.com/SandaNicolaCI/,,,,Quality,,,,,,,,,,,,,,,,,,,
Gabriel Diaconu,RO,,https://www.facebook.com/ggdiaconu/,,,,Quality,,,,,,,,,,,,,,,,,,,
Consiliul Investitorilor Straini,RO,,https://www.facebook.com/FICRomania/,,,,Quality,,,,,,,,,,,,,,,,,,,
Centrul de Resurse Juridice,RO,,https://www.facebook.com/crjro/,,,,Quality,,,,,,,,,,,,,,,,,,,
Oana Dobre,RO,,https://www.facebook.com/oanaddimofte/?ref=br_rs,,,,Quality,,,,,,,,,,,,,,,,,,,
Centrul Român pentru Politici Europene - CRPE,RO,,https://www.facebook.com/crperomania/,,,,Quality,,,,,,,,,,,,,,,,,,,
CSRMedia,RO,,https://www.facebook.com/CSRmedia.ro/,,,,Quality,,,,,,,,,,,,,,,,,,,
Ambasada Sustenabilitatii,RO,,https://www.facebook.com/AmbasadaSustenabilitatiiInRomania/,,,,Quality,,,,,,,,,,,,,,,,,,,
Oana Despa,RO,,https://www.facebook.com/odespa/?ref=br_rs,,,,Quality,,,,,,,,,,,,,,,,,,,
Liviu Iolu,RO,,https://www.facebook.com/ioluL/,,,,Quality,,,,,,,,,,,,,,,,,,,
Open Politics,RO,,https://www.facebook.com/OpenPolitics.ro/,,,,Quality,,,,,,,,,,,,,,,,,,,
Expert Grup,RO,,https://www.facebook.com/expertgrup.org/,,,,Quality,,,,,,,,,,,,,,,,,,,
Mircea Vasilescu,RO,,https://www.facebook.com/mirceavasilescu.blog/,,,,Quality,,,,,,,,,,,,,,,,,,,
Alice Iacobescu,RO,,https://www.facebook.com/AliceIacobescu/,,,,Quality,,,,,,,,,,,,,,,,,,,
monitorul social,RO,,https://www.facebook.com/monitorulsocial/,,,,Quality,,,,,,,,,,,,,,,,,,,
Alexandru Lăzărescu,RO,,https://www.facebook.com/AndiLazescu/,,,,Quality,,,,,,,,,,,,,,,,,,,
Adriana Nedelea,RO,,https://www.facebook.com/adriananedelea.ro/,,,,Quality,,,,,,,,,,,,,,,,,,,
AmCham Romania,RO,,https://www.facebook.com/AmChamRomania/,,,,Quality,,,,,,,,,,,,,,,,,,,
Konrad Adenauer Romania,RO,,https://www.facebook.com/Konrad-Adenauer-Stiftung-Romania-375379089194476/,,,,Quality,,,,,,,,,,,,,,,,,,,
Cătălin Teniță,RO,,https://www.facebook.com/catalintenitapagina/,,,,Quality,,,,,,,,,,,,,,,,,,,
Nicu Popescu,RO,,https://www.facebook.com/Euroatlantica/,,,,Quality,,,,,,,,,,,,,,,,,,,
AHK Romania,RO,,https://www.facebook.com/ahkromaniaofficial/,,,,Quality,,,,,,,,,,,,,,,,,,,
Friedrich Ebert Stiftung Romania,RO,,https://www.facebook.com/FesRomania/,,,,Quality,,,,,,,,,,,,,,,,,,,
Asociatia Ofiterilor in Rezerva,RO,,https://www.facebook.com/aorromania/,,,,Quality,,,,,,,,,,,,,,,,,,,
Fondul pentru Democrație,RO,,https://www.facebook.com/FondulPentruDemocratie/,,,,Quality,,,,,,,,,,,,,,,,,,,
liderjust.ro,RO,,https://www.facebook.com/LIDERJUST/,,,,Quality,,,,,,,,,,,,,,,,,,,
Ce zice legea,RO,,https://www.facebook.com/cezicelegea/,,,,Quality,,,,,,,,,,,,,,,,,,,
Iulian Fota,RO,,https://www.facebook.com/Iulian-Fota-1791885714391630/,,,,Quality,,,,,,,,,,,,,,,,,,,
Savantgarde,RO,,https://www.facebook.com/savantgarde.ro/,,,,Quality,,,,,,,,,,,,,,,,,,,
Centrul pentru Studiul Democratiei,RO,,https://www.facebook.com/democracycentercluj/,,,,Quality,,,,,,,,,,,,,,,,,,,
GlobalFocus Center,RO,,https://www.facebook.com/globalfocuscenter/,,,,Quality,,,,,,,,,,,,,,,,,,,
Geeks for Democracy,RO,,https://www.facebook.com/geeksfordemocracy/,,,,Quality,,,,,,,,,,,,,,,,,,,
Umbrela Strategica,RO,,https://www.facebook.com/umbrelastrategica/,,,,Quality,,,,,,,,,,,,,,,,,,,
True Story Project,RO,,https://www.facebook.com/truestoryproject1/,,,,Quality,,,,,,,,,,,,,,,,,,,
Ciprian Necula,RO,,https://www.facebook.com/ciprian.catalin.necula/,,,,Quality,,,,,,,,,,,,,,,,,,,
Cosmin Prelipceanu,RO,,https://www.facebook.com/Cosmin-Prelipceanu-1086349844816477/,,,,Quality,,,,,,,,,,,,,,,,,,,
Radu Crăciun,RO,,https://www.facebook.com/Radu-Craciun-237441676832814/,,,,Quality,,,,,,,,,,,,,,,,,,,
Amedeo Ene,RO,,https://www.facebook.com/Amedeo-Ene-European-citizen-157071978113443/,,,,Quality,,,,,,,,,,,,,,,,,,,
gargauni.ro,RO,,https://www.facebook.com/gargauni/,,,,Quality,,,,,,,,,,,,,,,,,,,
Onorată Instanță,RO,,https://www.facebook.com/OnorataInstanta/,,,,Quality,,,,,,,,,,,,,,,,,,,
Ora nouă,RO,,https://www.facebook.com/oranoua.ro/,,,,Quality,,,,,,,,,,,,,,,,,,,
Marius Văcărelu,RO,,https://www.facebook.com/Marius-Vacarelu-757719014306125/,,,,Quality,,,,,,,,,,,,,,,,,,,
Andreea Pora,RO,,https://www.facebook.com/AntiAndreeaPora/,,,,Quality,,,,,,,,,,,,,,,,,,,
Inscop Research,RO,,https://www.facebook.com/inscopresearch/,,,,Quality,,,,,,,,,,,,,,,,,,,
Claudia Postelnicescu,RO,,https://www.facebook.com/femeiinpolitica/,,,,Quality,,,,,,,,,,,,,,,,,,,
Radu Carp,RO,,https://www.facebook.com/RCarp1973/,,,,Quality,,,,,,,,,,,,,,,,,,,
Agenda Strategică,RO,,https://www.facebook.com/agendastrategica/,,,,Quality,,,,,,,,,,,,,,,,,,,
Centrul RISS,RO,,https://www.facebook.com/Centrul-RISS-191550030855945/,,,,Quality,,,,,,,,,,,,,,,,,,,
Malin Bot,RO,,https://www.facebook.com/malinbotpublic/,,,,Questionable,,,,,,,,,,,,,,,,,,,
Mircea Badea,RO,,https://www.facebook.com/Mircea-Badea-chiar-el-339817559450850/,,,,Questionable,,,,,,,,,,,,,,,,,,,
Mihai Gadea,RO,,https://www.facebook.com/SintezaZilei/,,,,Questionable,,,,,,,,,,,,,,,,,,,
Sorina Matei,RO,,https://www.facebook.com/sorina.matei/,,,,Questionable,,,,,,,,,,,,,,,,,,,
Denise Rifai,RO,,https://www.facebook.com/deniserifai.legileputerii/,,,,Questionable,,,,,,,,,,,,,,,,,,,
Centrul Rus de Știință si Cultura,RO,,https://www.facebook.com/CentrulrusdestiintasiculturaBucuresti/,,,,Questionable,,,,,,,,,,,,,,,,,,,
Insectar Politic,RO,,https://www.facebook.com/insectarpolitic/,,,,Questionable,,,,,,,,,,,,,,,,,,,
Alexandru Coita,RO,,https://www.facebook.com/alexandru.coita/,,,,Questionable,,,,,,,,,,,,,,,,,,,
Codul lui Oreste,RO,,https://www.facebook.com/Codul-lui-Oreste-196881393656965/,,,,Questionable,,,,,,,,,,,,,,,,,,,
Radu Banciu,RO,,https://www.facebook.com/Radu-Banciu-251276758229660/,,,,Questionable,,,,,,,,,,,,,,,,,,,
Ora de Veghe,RO,,https://www.facebook.com/oradeveghe/,,,,Questionable,,,,,,,,,,,,,,,,,,,
Silviu Mănăstire,RO,,https://www.facebook.com/Dosar.de.Politician/,,,,Questionable,,,,,,,,,,,,,,,,,,,
Marius Tucă,RO,,https://www.facebook.com/miscareaderezistenta.ro/,,,,Questionable,,,,,,,,,,,,,,,,,,,
Cornel Nistorescu,RO,,https://www.facebook.com/nistorescu.cornel/,,,,Questionable,,,,,,,,,,,,,,,,,,,
Sorin Roșca Stănescu,RO,,https://www.facebook.com/srstanescu/,,,,Questionable,,,,,,,,,,,,,,,,,,,
Bogdan Chireac,RO,,https://www.facebook.com/ChirieacBogdan/,,,,Questionable,,,,,,,,,,,,,,,,,,,
Alexandru Grumaz,RO,,https://www.facebook.com/Alexandru-Grumaz-168966426522685/,,,,Questionable,,,,,,,,,,,,,,,,,,,
Adrian Severin,RO,,https://www.facebook.com/severin.adrian.mep/,,,,Questionable,,,,,,,,,,,,,,,,,,,
Ioan Mircea Pașcu,RO,,https://www.facebook.com/ioan.m.pascu/,,,,Questionable,,,,,,,,,,,,,,,,,,,
vineri13.ro,RO,,https://www.facebook.com/v.treispe/,,,,Questionable,,,,,,,,,,,,,,,,,,,
Teodor Baconschi,RO,,https://www.facebook.com/teodor.baconschi/,,,,Questionable,,,,,,,,,,,,,,,,,,,
Mihail Neamțu,RO,,https://www.facebook.com/mihailneamtuoficial/,,,,Questionable,,,,,,,,,,,,,,,,,,,
Adrian Papahagi,RO,,https://www.facebook.com/papahagi/,,,,Questionable,,,,,,,,,,,,,,,,,,,
Exces de putere,RO,,https://www.facebook.com/ExcesDePutere/,,,,Questionable,,,,,,,,,,,,,,,,,,,
Liviu Pleșoianu,RO,,https://www.facebook.com/liviuplesoianu.oficial/,,,,Questionable,,,,,,,,,,,,,,,,,,,
Grigore Cartianu,RO,,https://www.facebook.com/grigorecristiancartianu/,,,,Questionable,,,,,,,,,,,,,,,,,,,
CloacaPolitica,RO,,https://www.facebook.com/CloacaPolitica2/,,,,Questionable,,,,,,,,,,,,,,,,,,,
Carmen Avram,RO,,https://www.facebook.com/carmenavramoficial/,,,,Questionable,,,,,,,,,,,,,,,,,,,
Alessandra Stoicescu,RO,,https://www.facebook.com/AlessandraStoicescu/,,,,Questionable,,,,,,,,,,,,,,,,,,,
Dana Grecu,RO,,https://www.facebook.com/a3DanaChera/,,,,Questionable,,,,,,,,,,,,,,,,,,,
Victor Ciutacu,RO,,https://www.facebook.com/VictorCiutacuTV/,,,,Questionable,,,,,,,,,,,,,,,,,,,
Ion Cristoiu,RO,,https://www.facebook.com/ION.CRISTOIU.TV/,,,,Questionable,,,,,,,,,,,,,,,,,,,
Sorin Roșca Stănescu,RO,,https://www.facebook.com/srstanescu/,,,,Questionable,,,,,,,,,,,,,,,,,,,
Daniel Roxin,RO,,https://www.facebook.com/Daniel-Roxin-263216097127198/,,,,Questionable,,,,,,,,,,,,,,,,,,,
Mistere la granitele cunoasterii,RO,,https://www.facebook.com/Mistere-la-Granitele-Cunoasterii-581662148630505/,,,,Questionable,,,,,,,,,,,,,,,,,,,
Conspirații și Mistere,RO,,https://www.facebook.com/ConspiratiiSiMistere/,,,,Questionable,,,,,,,,,,,,,,,,,,,
Victor Roncea,RO,,https://www.facebook.com/Roncea.Ro/,,,,Questionable,,,,,,,,,,,,,,,,,,,
Justițiarul,RO,,https://www.facebook.com/albinmarinescu/,,,,Questionable,,,,,,,,,,,,,,,,,,,
Buciumul,RO,,https://www.facebook.com/Buciumul.ro/,,,,Questionable,,,,,,,,,,,,,,,,,,,
Ziaristi online,RO,,https://www.facebook.com/ZiaristiOnlineRo/,,,,Questionable,,,,,,,,,,,,,,,,,,,
"Bună ziua, Rusia!",RO,,https://www.facebook.com/BUNA-ZIUA-RUSIA-%D0%B7%D0%B4%D1%80%D0%B0%D0%B2%D1%81%D1%82%D0%B2%D1%83%D0%B9%D1%82%D0%B5-%D0%A0%D0%BE%D1%81%D1%81%D0%B8%D1%8F-877188202305465/,,,,Questionable,,,,,,,,,,,,,,,,,,,
Noua Ordine Mondială,RO,,https://www.facebook.com/Noua-Ordine-Mondial%C4%83-143141262536653/,,,,Questionable,,,,,,,,,,,,,,,,,,,
Departamentul de Informații România,RO,,https://www.facebook.com/DepartamentuldeInformatiiRomania/,,,,Questionable,,,,,,,,,,,,,,,,,,,
In prima linie,RO,,https://www.facebook.com/georgianadanielaarsene/,,,,Questionable,,,,,,,,,,,,,,,,,,,
Cronica Română,RO,,https://www.facebook.com/cotidianulcronicaromana/,,,,Questionable,,,,,,,,,,,,,,,,,,,
Curentul,RO,,https://www.facebook.com/curentulro/,,,,Questionable,,,,,,,,,,,,,,,,,,,
Atitudini,RO,,https://www.facebook.com/revista.atitudini/,,,,Questionable,,,,,,,,,,,,,,,,,,,
Puterea,RO,,https://www.facebook.com/puterea,,,,Questionable,,,,,,,,,,,,,,,,,,,
Magna News,RO,,https://www.facebook.com/MagnaNews.ro/,,,,Questionable,,,,,,,,,,,,,,,,,,,
Reporter Virtual,RO,,https://www.facebook.com/ReporterVirtual/,,,,Questionable,,,,,,,,,,,,,,,,,,,
Gândește!,RO,,https://www.facebook.com/gandeste.org/,,,,Questionable,,,,,,,,,,,,,,,,,,,
Pagina de Rusia,RO,,https://www.facebook.com/paginaderusia/,,,,Questionable,,,,,,,,,,,,,,,,,,,
Răzvan Dumitrescu,RO,,https://www.facebook.com/Subiectiv.RazvanDumitrescu/,,,,Questionable,,,,,,,,,,,,,,,,,,,
Grupul de investigații politice,RO,,https://www.facebook.com/Grupul.Investigatii.Politice/,,,,Questionable,,,,,,,,,,,,,,,,,,,
Călin Popescu Tăriceanu,RO,,https://www.facebook.com/tariceanu/,,,,Questionable,,,,,,,,,,,,,,,,,,,
Norica Nicolai,RO,,https://www.facebook.com/norica.nicolai/,,,,Questionable,,,,,,,,,,,,,,,,,,,
Olguța Vasilescu,RO,,https://www.facebook.com/Lia-Olguta-Vasilescu-252218321561994/,,,,Questionable,,,,,,,,,,,,,,,,,,,
Eugen Teodorovici,RO,,https://www.facebook.com/EugenOrlandoTeodorovici/,,,,Questionable,,,,,,,,,,,,,,,,,,,
Basism,RO,,https://www.facebook.com/basism.gip/,,,,Questionable,,,,,,,,,,,,,,,,,,,
Sabina Iosub,RO,,https://www.facebook.com/IosubSabina/,,,,Questionable,,,,,,,,,,,,,,,,,,,
România 3.0,RO,,https://www.facebook.com/romania30ro/,,,,Questionable,,,,,,,,,,,,,,,,,,,
Floriana Jucan,RO,,https://www.facebook.com/iamflorianajucan/,,,,Questionable,,,,,,,,,,,,,,,,,,,
Cocoon,RO,,https://www.facebook.com/cocoon.ro/,,,,Questionable,,,,,,,,,,,,,,,,,,,
Alchimia Conspirației,RO,,https://www.facebook.com/Alchimia-conspira%C8%9Biei-cu-Dr-Emil-Str%C4%83inu-%C8%99i-Maria-Nicolle-Croitoru-101111514641644/,,,,Questionable,,,,,,,,,,,,,,,,,,,
Rusia Astăzi,RO,,https://www.facebook.com/rusiaastazi/,,,,Questionable,,,,,,,,,,,,,,,,,,,
Pagina de Politică,RO,,https://www.facebook.com/paginadepolitica/,,,,Questionable,,,,,,,,,,,,,,,,,,,
Butonul de panică,RO,,https://www.facebook.com/butonuldepanica/,,,,Questionable,,,,,,,,,,,,,,,,,,,
Alternativa Dreaptă,RO,,https://www.facebook.com/AlternativaDreaptaRo/,,,,Questionable,,,,,,,,,,,,,,,,,,,
Dan Andronic,RO,,https://www.facebook.com/Dan-Andronic-%C3%8Empotriva-abuzurilor-%C8%99i-a-prostiei-262558741295408/,,,,Questionable,,,,,,,,,,,,,,,,,,,
Alecu Racoviceanu,RO,,https://www.facebook.com/alecuracoviceanuro-Texte-de-Vineri-157802394253648/,,,,Questionable,,,,,,,,,,,,,,,,,,,
Ioana Ene Dogioiu,RO,,https://www.facebook.com/Ioana-Ene-Dogioiu-1821824947849671/,,,,Questionable,,,,,,,,,,,,,,,,,,,
Vești din Rusia,RO,,https://www.facebook.com/Vesti-din-Rusia-828442794019584/,,,,Questionable,,,,,,,,,,,,,,,,,,,
Ambasada Rusiei la București,RO,,https://www.facebook.com/AmbasadaRusa/,,,,Questionable,,,,,,,,,,,,,,,,,,,
Gazeta de informații,RO,,https://www.facebook.com/gazetadeinformatii/,,,,Questionable,,,,,,,,,,,,,,,,,,,
Ce-i cu noi,RO,,https://www.facebook.com/ceicunoi/,,,,Questionable,,,,,,,,,,,,,,,,,,,
Andreea Bereclean,RO,,https://www.facebook.com/AndreeaBerecleanu/,,,,Questionable,,,,,,,,,,,,,,,,,,,
Florin Călinescu,RO,,https://www.facebook.com/florincalinescuoficial/,,,,Questionable,,,,,,,,,,,,,,,,,,,
Mirel Palada,RO,,https://www.facebook.com/MirelTPalada/,,,,Questionable,,,,,,,,,,,,,,,,,,,
Știri Extreme,RO,,https://www.facebook.com/stiriextreme2/,,,,Questionable,,,,,,,,,,,,,,,,,,,
Centrul Rus de Cultură și Știință,RO,,https://www.facebook.com/CentrulrusdestiintasiculturaBucuresti/,,,,Questionable,,,,,,,,,,,,,,,,,,,
Ziarul Național,RO,,https://www.facebook.com/ziarul.national/,,,,Questionable,,,,,,,,,,,,,,,,,,,
Invectiva,RO,,https://www.facebook.com/Invectiva.ro2013/,,,,Questionable,,,,,,,,,,,,,,,,,,,
Romanian Breaking News,RO,,https://www.facebook.com/Romania-Breaking-News-RBN-press-242333175889084/,,,,Questionable,,,,,,,,,,,,,,,,,,,
Stiri Online,RO,,https://www.facebook.com/STIRI.ONLINE.Breaking.NEWS/,,,,Questionable,,,,,,,,,,,,,,,,,,,
Victor Negrescu,RO,,https://www.facebook.com/victornegrescu/,,,,Questionable,,,,,,,,,,,,,,,,,,,
Rezistența TV,RO,,https://www.facebook.com/RezistentaLIVE/,,,,Questionable,,,,,,,,,,,,,,,,,,,
Andrei Bădin,RO,,https://www.facebook.com/ControverseB1/,,,,Questionable,,,,,,,,,,,,,,,,,,,
Ioan Aurel Pop,RO,,https://www.facebook.com/IoanAurelPopPresedinte/,,,,Questionable,,,,,,,,,,,,,,,,,,,
Nicoleta Savin,RO,,https://www.facebook.com/Nicoleta-Savin-427957377941923/,,,,Questionable,,,,,,,,,,,,,,,,,,,
Rareș Năstase,RO,,https://www.facebook.com/raresnastaseoficial/,,,,Questionable,,,,,,,,,,,,,,,,,,,
Val Vâlcu,RO,,https://www.facebook.com/valvalcuoficial/,,,,Questionable,,,,,,,,,,,,,,,,,,,
Constantin Codreanu,RO,,https://www.facebook.com/ConstantinCodreanuRO/,,,,Questionable,,,,,,,,,,,,,,,,,,,
Radu F Alexandru,RO,,https://www.facebook.com/raduf.alexandru/,,,,Questionable,,,,,,,,,,,,,,,,,,,
Patrick Andree de Hilerin,RO,,https://www.facebook.com/Patrick-Andr%C3%A9-de-Hillerin-143663335702058/,,,,Questionable,,,,,,,,,,,,,,,,,,,
Răzvan Exarhu,RO,,https://www.facebook.com/morningglorycurazvanexarhu/,,,,Questionable,,,,,,,,,,,,,,,,,,,
Jurnalul lui Tetelu,RO,,https://www.facebook.com/jurnaltetelu/,,,,Questionable,,,,,,,,,,,,,,,,,,,
Nicolae Bacalbașa,RO,,https://www.facebook.com/nicolae.bacalbasa/,,,,Questionable,,,,,,,,,,,,,,,,,,,
Gabriel Liiceanu,RO,,https://www.facebook.com/gabrielliiceanu/,,,,Questionable,,,,,,,,,,,,,,,,,,,
Peter Costea,RO,,https://www.facebook.com/PeterCosteaEuroparlamentar/,,,,Questionable,,,,,,,,,,,,,,,,,,,
Să fie lumină!,RO,,https://www.facebook.com/safielumina.ro/,,,,Political Bias,,,,,,,,,,,,,,,,,,,
Și noi suntem familie!,RO,,https://www.facebook.com/sinoisuntemfamilie/,,,,Political Bias,,,,,,,,,,,,,,,,,,,
Coaliția pentru Vanilie,RO,,https://www.facebook.com/coalitiaaiablanao/,,,,Political Bias,,,,,,,,,,,,,,,,,,,
Secretele Coaliției pentru Familie,RO,,https://www.facebook.com/Secretele.Coalitiei/,,,,Political Bias,,,,,,,,,,,,,,,,,,,
Refugees welcome to Romania,RO,,https://www.facebook.com/RefugeesWelcomeRo/,,,,Political Bias,,,,,,,,,,,,,,,,,,,
Campioni in Business,RO,,https://www.facebook.com/campioniinbusiness/,,,,Political Bias,,,,,,,,,,,,,,,,,,,
rosia montana unesco world,RO,,https://www.facebook.com/rosia.montana.in.unesco/,,,,Political Bias,,,,,,,,,,,,,,,,,,,
Feminism România,RO,,https://www.facebook.com/Feminism.Romania/,,,,Political Bias,,,,,,,,,,,,,,,,,,,
Aurora Martin,RO,,https://www.facebook.com/pagina.claudiu.tarziu/,,,,Political Bias,,,,,,,,,,,,,,,,,,,
Caludiu Târziu,RO,,https://www.facebook.com/pagina.claudiu.tarziu/,,,,Political Bias,,,,,,,,,,,,,,,,,,,
e-nergia.ro,RO,,https://www.facebook.com/energiaro/,,,,Political Bias,,,,,,,,,,,,,,,,,,,
Antihastag,RO,,https://www.facebook.com/Antiha%C8%99tag-104866437797577/,,,,Political Bias,,,,,,,,,,,,,,,,,,,
NuRezist,RO,,https://www.facebook.com/numairezist/,,,,Political Bias,,,,,,,,,,,,,,,,,,,
Vocea Diasporei,RO,,https://www.facebook.com/romanidin/,,,,Political Bias,,,,,,,,,,,,,,,,,,,
Piata de Spaga,RO,,https://www.facebook.com/Piatadespaga/,,,,Political Bias,,,,,,,,,,,,,,,,,,,
ASUR,RO,,https://www.facebook.com/secularumanisti/,,,,Political Bias,,,,,,,,,,,,,,,,,,,
Adevărul despre daci,RO,,https://www.facebook.com/AdevarulDespreDaci/,,,,Political Bias,,,,,,,,,,,,,,,,,,,
Asociația Geto-Dacii,RO,,https://www.facebook.com/Asociatia-Geto-Dacii-424608937634167/,,,,Political Bias,,,,,,,,,,,,,,,,,,,
Anti-sistem,RO,,https://www.facebook.com/antisistem/,,,,Political Bias,,,,,,,,,,,,,,,,,,,
Mânăstirea Petru Vodă,RO,,https://www.facebook.com/ManastireaPetruVoda.1991/,,,,Political Bias,,,,,,,,,,,,,,,,,,,
Lupul Dacic,RO,,https://www.facebook.com/decebalusrexdaciae/,,,,Political Bias,,,,,,,,,,,,,,,,,,,
Recunoasterea Dacilor,RO,,https://www.facebook.com/Rena%C8%99terea-D-A-C-I-L-O-R-493351944392867/,,,,Political Bias,,,,,,,,,,,,,,,,,,,
"Basarabia, pământ românesc!",RO,,https://www.facebook.com/Basarabia-Pamant-Romanesc-151328438220529/,,,,Political Bias,,,,,,,,,,,,,,,,,,,
Mișcarea unionistă,RO,,https://www.facebook.com/miscareaunionista/?fref=profile_friend_list&hc_location=profile_browser,,,,Political Bias,,,,,,,,,,,,,,,,,,,
Zamolxe Dacia,RO,,https://www.facebook.com/ZamolxeDacia11/,,,,Political Bias,,,,,,,,,,,,,,,,,,,
Studenți pentru Viață,RO,,https://www.facebook.com/studentipentruviata/,,,,Political Bias,,,,,,,,,,,,,,,,,,,
Alianța pentru Unirea Românilor,RO,,https://www.facebook.com/partidulAUR/,,,,Political Bias,,,,,,,,,,,,,,,,,,,
NEAMUNIT,RO,,https://www.facebook.com/Neamunit.ro/,,,,Political Bias,,,,,,,,,,,,,,,,,,,
Alianța fără Orfani,RO,,https://www.facebook.com/AliantaRomaniaFaraOrfani/,,,,Political Bias,,,,,,,,,,,,,,,,,,,
Asociația Părinților pentru Ora de Religie,RO,,https://www.facebook.com/parintipentrureligie/,,,,Political Bias,,,,,,,,,,,,,,,,,,,
Părintele Constantin Necula,RO,,https://www.facebook.com/prnecula/,,,,Political Bias,,,,,,,,,,,,,,,,,,,
Revista Familia Orthodoxă,RO,,https://www.facebook.com/familiaortodoxa/,,,,Political Bias,,,,,,,,,,,,,,,,,,,
Pro Vita,RO,,https://www.facebook.com/provitabucuresti/,,,,Political Bias,,,,,,,,,,,,,,,,,,,
Corupția Ucide,RO,,https://www.facebook.com/coruptia.ucide/,,,,Political Bias,,,,,,,,,,,,,,,,,,,
Platforma Împreună,RO,,https://www.facebook.com/PlatformaImpreuna/,,,,Political Bias,,,,,,,,,,,,,,,,,,,
Asociația Familia Tradițională,RO,,https://www.facebook.com/asociatiafamiliatraditionala/,,,,Political Bias,,,,,,,,,,,,,,,,,,,
Mărturisitorii,RO,,https://www.facebook.com/Marturisitorii/,,,,Political Bias,,,,,,,,,,,,,,,,,,,
Gheorghe Buzatu,RO,,https://www.facebook.com/Gheorghe-Buzatu-533786430060945/,,,,Political Bias,,,,,,,,,,,,,,,,,,,
Petre Țuțea,RO,,https://www.facebook.com/Petre-Tutea-137285123035818/,,,,Political Bias,,,,,,,,,,,,,,,,,,,
Asociația Vatra Daciei,RO,,https://www.facebook.com/vatradaciei/,,,,Political Bias,,,,,,,,,,,,,,,,,,,
I love Romania Mare,RO,,https://www.facebook.com/ILoveRomaniaMare/,,,,Political Bias,,,,,,,,,,,,,,,,,,,
Constantin Răzvan Popovici,RO,,https://www.facebook.com/Constantin-Razvan-Popovici-715011622248676/,,,,Political Bias,,,,,,,,,,,,,,,,,,,
Calea Adevărul Viața,RO,,https://www.facebook.com/jesuscrhists/,,,,Political Bias,,,,,,,,,,,,,,,,,,,
Noapte bună,RO,,https://www.facebook.com/BunaDimineataDragilor/,,,,Political Bias,,,,,,,,,,,,,,,,,,,
Răzvan Constantinescu,RO,,https://www.facebook.com/razvanconstantinescuiasi/,,,,Political Bias,,,,,,,,,,,,,,,,,,,
VaccinEdu,RO,,https://www.facebook.com/vaccinuricitesteprospectele/,,,,Political Bias,,,,,,,,,,,,,,,,,,,
Alianța Părinților,RO,,https://www.facebook.com/alianta.parintilor.romania/,,,,Political Bias,,,,,,,,,,,,,,,,,,,
Lumina Cuvântului,RO,,https://www.facebook.com/luminacuvantului/,,,,Political Bias,,,,,,,,,,,,,,,,,,,
NU vaccinarii obligatorii,RO,,https://www.facebook.com/nuvaccinariiobligatorii/,,,,Political Bias,,,,,,,,,,,,,,,,,,,
Isus Hristos Revine,RO,,https://www.facebook.com/Isus-Hristos-revine-1269012016562789/,,,,Political Bias,,,,,,,,,,,,,,,,,,,
George Simion,RO,,https://www.facebook.com/george.simion.unire,,,,Political Bias,,,,,,,,,,,,,,,,,,,
Dan Tanasa,RO,,https://www.facebook.com/dantanasa.ro,,,,Political Bias,,,,,,,,,,,,,,,,,,,
Anonimus Romania,RO,,https://www.facebook.com/AnonimusRomania/,,,,Political Bias,,,,,,,,,,,,,,,,,,,
Argumente si fapte,RO,,https://www.facebook.com/argumentesifapte.ro,,,,Political Bias,,,,,,,,,,,,,,,,,,,
Noua Romanie,RO,,https://www.facebook.com/nouaromaniePNR,,,,Political Bias,,,,,,,,,,,,,,,,,,,
Recent News,RO,,https://www.facebook.com/recentnews.ro,,,,Political Bias,,,,,,,,,,,,,,,,,,,
Olivia Steer,RO,,https://www.facebook.com/Olivia-Steer-410480262301933,,,,Political Bias,,,,,,,,,,,,,,,,,,,
Crestinismul cultural mi-a vindecat depresia,RO,,https://www.facebook.com/Crestinismul-Cultural-Mi-a-Vindecat-Depresia-211905949321674,,,,Political Bias,,,,,,,,,,,,,,,,,,,
Utopia balcanica,RO,,https://www.facebook.com/utopiabalcanica.net,,,,Political Bias,,,,,,,,,,,,,,,,,,,
Times New Roman,RO,,https://www.facebook.com/timesnewroman.ro,,,,Political Bias,,,,,,,,,,,,,,,,,,,
Pupaza din mortii tei,RO,,https://www.facebook.com/pupazadinmortiitei,,,,Political Bias,,,,,,,,,,,,,,,,,,,
Remus Cernea,RO,,https://www.facebook.com/remus.cernea,,,,Political Bias,,,,,,,,,,,,,,,,,,,
Anti-hastag,RO,,https://www.facebook.com/Anti-ha%C8%99tag-102882617859268,,,,Political Bias,,,,,,,,,,,,,,,,,,,
Ganduri din Ortodoxie,RO,,https://www.facebook.com/sfantulmaremucenicmina,,,,Political Bias,,,,,,,,,,,,,,,,,,,
Nicolae Ceausescu,RO,,https://www.facebook.com/nicolae.ceausescu89,,,,Political Bias,,,,,,,,,,,,,,,,,,,
Dacia,RO,,https://www.facebook.com/Dacia.Antica,,,,Political Bias,,,,,,,,,,,,,,,,,,,
Tinutul Romanesc,RO,,https://www.facebook.com/tinutulromanesc,,,,Political Bias,,,,,,,,,,,,,,,,,,,
Constantin Codreanu,RO,,https://www.facebook.com/ConstantinCodreanuRO,,,,Political Bias,,,,,,,,,,,,,,,,,,,
Pride Romania,RO,,https://www.facebook.com/AsociatiaPRIDERomania,,,,Political Bias,,,,,,,,,,,,,,,,,,,
Asociatia ACCEPT,RO,,https://www.facebook.com/asociatia.accept,,,,Political Bias,,,,,,,,,,,,,,,,,,,
MozaiQ,RO,,https://www.facebook.com/mozaiqromania,,,,Political Bias,,,,,,,,,,,,,,,,,,,
Romanian Activists Worldwide,RO,,https://www.facebook.com/Raw-1424556087784473/,,,,Political Bias,,,,,,,,,,,,,,,,,,,
Razboiul Informational,RO,,https://www.facebook.com/RazboiulInformational,,,,Political Bias,,,,,,,,,,,,,,,,,,,
Oficial Media,RO,,https://www.facebook.com/Oficial-Media-189621847716212,,,,Political Bias,,,,,,,,,,,,,,,,,,,
Contra Mundum,RO,,https://www.facebook.com/editorcontramundum,,,,Political Bias,,,,,,,,,,,,,,,,,,,
Reactionarii,RO,,https://www.facebook.com/Reactionarii,,,,Political Bias,,,,,,,,,,,,,,,,,,,
Anacronic,RO,,https://www.facebook.com/anacronic.ro,,,,Political Bias,,,,,,,,,,,,,,,,,,,
Alternativa de bun simt,RO,,https://www.facebook.com/Alternativa-de-Bun-Sim%C8%9B-402788693862356,,,,Political Bias,,,,,,,,,,,,,,,,,,,
Secunda TV,RO,,https://www.facebook.com/secundatvromania,,,,Political Bias,,,,,,,,,,,,,,,,,,,
Dr. Adina Alberts,RO,,https://www.facebook.com/dradinaalberts,,,,Political Bias,,,,,,,,,,,,,,,,,,,
NU rezist,RO,,https://www.facebook.com/numairezist,,,,Political Bias,,,,,,,,,,,,,,,,,,,
Revolutia taxelor,RO,,https://www.facebook.com/Revolutia-Taxelor-151321851646639,,,,Political Bias,,,,,,,,,,,,,,,,,,,
Adevarul Suprem,RO,,https://www.facebook.com/Adev%C4%83rul-Suprem-106269231026641,,,,Political Bias,,,,,,,,,,,,,,,,,,,
Ringul Politic,RO,,https://www.facebook.com/rroncea,,,,Political Bias,,,,,,,,,,,,,,,,,,,
Aktual 24,RO,,https://www.facebook.com/aktual24ro,,,,Political Bias,,,,,,,,,,,,,,,,,,,
Dan Bucura,RO,,https://www.facebook.com/danbucurajurnalist/,,,,Political Bias,,,,,,,,,,,,,,,,,,,
Ziaristii,RO,,https://www.facebook.com/Ziari%C5%9Ftii-2164135647137716,,,,Political Bias,,,,,,,,,,,,,,,,,,,
Expresmedia,RO,,https://www.facebook.com/expresmedia.ro,,,,Political Bias,,,,,,,,,,,,,,,,,,,
Justitie Sociala,RO,,https://www.facebook.com/Justi%C8%9Bie-Social%C4%83-107271580884958,,,,Political Bias,,,,,,,,,,,,,,,,,,,
Baricada,RO,,https://www.facebook.com/baricadaa,,,,Political Bias,,,,,,,,,,,,,,,,,,,
Generalul Dumitru Iliescu,RO,,https://www.facebook.com/General-Dumitru-Iliescu-304332987006791,,,,Political Bias,,,,,,,,,,,,,,,,,,,
Sorin Ovidiu Vantu,RO,,https://www.facebook.com/SorinOvidiuVintu,,,,Political Bias,,,,,,,,,,,,,,,,,,,
Comunitatea Identitara,RO,,https://www.facebook.com/comunitateaidentitararomania,,,,Political Bias,,,,,,,,,,,,,,,,,,,
Oana Elena Lovin,RO,,https://www.facebook.com/Oana-Elena-Lovin-112853463521659,,,,Political Bias,,,,,,,,,,,,,,,,,,,
Romania Minunata,RO,,https://www.facebook.com/romania.noastra.iubita/,,,,Political Bias,,,,,,,,,,,,,,,,,,,
Večernji list,BA,https://www.vecernji.ba/,https://www.facebook.com/vecernji,,https://twitter.com/vecernji_list,Private Media,Political Bias,Regional,Right,Nationalist,Large,Well established (>10 years old),,,,,,,,,,,,,,
Vijesti.ba,BA,https://vijesti.ba/,https://www.facebook.com/Vijesti.ba,,https://twitter.com/vijesti_ba,Private Media,,,,,,,,,,,,,,,,,,,,
Dnevni.ba,BA,https://dnevni.ba/,,,,Private Media,,,,,,,,,,,,,,,,,,,,
Livno online,BA,https://www.livno-online.com/,https://www.facebook.com/livnoonline,https://www.youtube.com/user/livnoonline,https://twitter.com/livnoonline,Private Media,,,,,,,,,,,,,,,,,,,,
Hercegbosna vijesti,BA,https://www.hbz-vijesti.com/,,,,Private Media,,,,,,,,,,,,,,,,,,,,
Čapljinski portal,BA,https://caportal.net/,https://www.facebook.com/CapljinskiPortal/?ref=hl,https://www.youtube.com/user/CapljinskiPortal,https://twitter.com/CapljinaPortal,Private Media,,,,,,,,,,,,,,,,,,,,
Đaka city-Čapljina portal,BA,https://djaka-city.info/,https://www.facebook.com/djaka.city,,,Private Media,,,,,,,,,,,,,,,,,,,,
Vitez info,BA,https://www.vitez.info/,https://www.facebook.com/vitez.info/,https://www.youtube.com/user/vitezinfo,,Private Media,,,,,,,,,,,,,,,,,,,,
Herceg Bosna,BA,https://www.hercegbosna.org/,https://www.facebook.com/hercegbosna.org/,,https://twitter.com/HercegBosna,Private Media,,,,,,,,,,,,,,,,,,,,
Hercegovački portal,BA,https://hercegovackiportal.com/,https://www.facebook.com/hercegovackiportal/,,,Private Media,,,,,,,,,,,,,,,,,,,,
Hercegovački info portal,BA,https://hip.ba/,https://www.facebook.com/hercegovacki.info/,,,Private Media,,,,,,,,,,,,,,,,,,,,
Poskok info,BA,https://poskok.info/,https://www.facebook.com/Poskok.info/,,,Private Media,,,,,,,,,,,,,,,,,,,,
Bljesak,BA,https://www.bljesak.info/,https://www.facebook.com/bljesak.info,,https://twitter.com/bljesak,Private Media,,,,,,,,,,,,,,,,,,,,
Hercegovina info,BA,https://www.hercegovina.info/,https://www.facebook.com/Hercegovina.Info1,https://www.youtube.com/channel/UCHqOpHIEveT_cRSPElzyOEw,https://twitter.com/hercegovinainfo,Private Media,,,,,,,,,,,,,,,,,,,,
Radio televizija Herceg Bosne,BA,https://rtv-hb.com/,https://www.facebook.com/rtvhb,https://www.youtube.com/c/RadiotelevizijaHercegBosne,https://twitter.com/rtvhercegbosne,Public Media,,,,,,,,,,,,,,,,,,,,
Klix.ba,BA,https://www.klix.ba/,https://www.facebook.com/Klix.ba,https://www.youtube.com/user/xredakcija,https://twitter.com/klixba?lang=en,Private Media,,,,,,,,,,,,,,,,,,,,
Dnevni avaz,BA,https://avaz.ba/,https://www.facebook.com/dnevniavaz,https://www.youtube.com/c/DnevniAvazTV?app=desktop,https://twitter.com/DnevniAvaz,Private Media,,,,,,,,,,,,,,,,,,,,
RTRS,BA,https://www.rtrs.tv/,https://www.facebook.com/rtrs.vijesti/,https://www.youtube.com/user/RTRSvijesti,https://twitter.com/RTRSvijesti,State Media,,,,,,,,,,,,,,,,,,,,
N1,BA,http://ba.n1info.com/,https://www.facebook.com/N1BiH/,https://www.youtube.com/user/N1info,https://twitter.com/N1infoSA,Private Media,,,,,,,,,,,,,,,,,,,,
Nezavisne novine,BA,https://www.nezavisne.com/,https://www.facebook.com/NezavisneNovine/,https://www.youtube.com/user/nezavisne1,https://twitter.com/NezavisneBL,Private Media,,,,,,,,,,,,,,,,,,,,
Oslobođenje,BA,https://www.oslobodjenje.ba/,https://www.facebook.com/oslobodjenjeba,https://www.youtube.com/user/oslobodjenjeba,https://twitter.com/oslobodjenjeba,Private Media,,,,,,,,,,,,,,,,,,,,
BHRT,BA,https://bhrt.ba/,https://www.facebook.com/www.bhrt.ba/,https://www.youtube.com/channel/UCsoLIkULxkv8Ovd33tONdBQ,https://twitter.com/multimedijabhrt,State Media,,,,,,,,,,,,,,,,,,,,
FTV,BA,https://www.federalna.ba/,https://www.facebook.com/federalna,https://www.youtube.com/channel/UC5W7u2h4S8dx9NL0qOCW4pQ,,Public Media,,,,,,,,,,,,,,,,,,,,
City TV,BA,http://www.citytv.ba/,https://www.facebook.com/CityTelevizija/?fref=ts,youtube.com/channel/UCDltQa9zy2K7J1w3W5_hIkg,,Private Media,,,,,,,,,,,,,,,,,,,,
Sputnik,BA,https://rs-lat.sputniknews.com,https://facebook.com/rs.sputniknews,https://youtube.com/channel/UCejt0WVG6-OFri-I7prjPHw,https://twitter.com/rs_sputnik,State Media,Fake/Conspiracy,Foreign,Right,Government,Large,Well established (>10 years old),,,,,,,,,,,,,,
RTRS,BA,https://rtrs.tv/,https://www.facebook.com/rtrs.vijesti/,https://www.youtube.com/user/RTRSvijesti,https://twitter.com/RTRSvijesti,State Media,Political Bias,Domestic,Right,Government,Large,Well established (>10 years old),,,,,,,,,,,,,,
Faktor,BA,https://faktor.ba/,https://www.facebook.com/faktor.ba/,https://www.youtube.com/channel/UCXcKx_DkEhm392DlMyw8bIg,https://twitter.com/faktorba,Private Media,Political Bias,Foreign,Right,Government,Large,Established (5-10 years old),,,,,,,,,,,,,,
Glas Srpske,BA,https://www.glassrpske.com,https://www.facebook.com/GlasSrpskeBanjaluka/,-,https://twitter.com/GlasSrpske,Private Media,N/A,Domestic,Right,Government,Large,Established (5-10 years old),,,,,,,,,,,,,,
Starmo,BA,https://starmo.ba/,https://www.facebook.com/829291640492261,,https://twitter.com/starmo_portal,Private Media,Unknown,Domestic,Neutral,Unknown,Small,Established (5-10 years old),,,,,,,,,,,,,,
Ivan Šušnjar,BA,-,https://www.facebook.com/ivan.susnjar.58,-,-,Journalist,Questionable,Domestic,Far-Right,Nationalist,Small,Unknown,,,,,,,,,,,,,,
Veselin Gatalo,BA,-,https://www.facebook.com/pisac2020,https://www.youtube.com/channel/UCvIig2IXzBexi_HXd01mDcQ,https://twitter.com/gatalo_veselin,Other,Questionable,Domestic,,Unknown,Small,Unknown,,,,,,,,,,,,,,
Štefica Galić,BA,,https://www.facebook.com/steficagalic,-,-,Journalist,Quality,Domestic,Left,Pro-West,Medium,Unknown,,,,,,,,,,,,,,
Ultras Zrinjski Mostar,BA,https://www.ultras-zrinjski.net,https://www.facebook.com/ultras.zrinjski,-,-,Other,Unknown,Unknown,Far-Right,Nationalist,Medium,Well established (>10 years old),,,,,,,,,,,,,,
Sanel Kajan,BA,,https://www.facebook.com/sanel.kajan.mostar,https://www.youtube.com/channel/UCZRERVO_dAusLQMBEXlbqmA,https://twitter.com/sanelkajan?lang=en,Journalist,Political Bias,Domestic,Right,Unknown,Small,Well established (>10 years old),,,,,,,,,,,,,,
Red Army Mostar,BA,-,https://www.facebook.com/Klub-navijača-Red-Army-202281634061,-,-,Other,Unknown,Domestic,Left,Unknown,Medium,Well established (>10 years old),,,,,,,,,,,,,,
Tacno.net,BA,https://www.tacno.net/,https://www.facebook.com/tacno.netportal,https://www.youtube.com/channel/UCXPg2kqeZAS2MBP4G83F_2Q,https://twitter.com/TacnoN,Private Media,Quality,Domestic,Left,Pro-West,Medium,Established (5-10 years old),,,,,,,,,,,,,,
Saff,BA,https://saff.ba/,https://www.facebook.com/magazinsaff,-,-,Private Media,Questionable,Domestic,N/A,Unknown,Medium,Well established (>10 years old),,,,,,,,,,,,,,
,,,,,,,,,,,,,,,,,,,,,,,,,,
,,,,,,,,,,,,,,,,,,,,,,,,,,
,,,,,,,,,,,,,,,,,,,,,,,,,,
,,,,,,,,,,,,,,,,,,,,,,,,,,
,,,,,,,,,,,,,,,,,,,,,,,,,,
,,,,,,,,,,,,,,,,,,,,,,,,,,
,,,,,,,,,,,,,,,,,,,,,,,,,,
,,,,,,,,,,,,,,,,,,,,,,,,,,
,,,,,,,,,,,,,,,,,,,,,,,,,,
,,,,,,,,,,,,,,,,,,,,,,,,,,
,,,,,,,,,,,,,,,,,,,,,,,,,,
,,,,,,,,,,,,,,,,,,,,,,,,,,
,,,,,,,,,,,,,,,,,,,,,,,,,,
,,,,,,,,,,,,,,,,,,,,,,,,,,
,,,,,,,,,,,,,,,,,,,,,,,,,,
,,,,,,,,,,,,,,,,,,,,,,,,,,
,,,,,,,,,,,,,,,,,,,,,,,,,,
,,,,,,,,,,,,,,,,,,,,,,,,,,
,,,,,,,,,,,,,,,,,,,,,,,,,,
,,,,,,,,,,,,,,,,,,,,,,,,,,
,,,,,,,,,,,,,,,,,,,,,,,,,,
,,,,,,,,,,,,,,,,,,,,,,,,,,
,,,,,,,,,,,,,,,,,,,,,,,,,,
,,,,,,,,,,,,,,,,,,,,,,,,,,
,,,,,,,,,,,,,,,,,,,,,,,,,,
,,,,,,,,,,,,,,,,,,,,,,,,,,
,,,,,,,,,,,,,,,,,,,,,,,,,,
,,,,,,,,,,,,,,,,,,,,,,,,,,
,,,,,,,,,,,,,,,,,,,,,,,,,,
,,,,,,,,,,,,,,,,,,,,,,,,,,
,,,,,,,,,,,,,,,,,,,,,,,,,,
,,,,,,,,,,,,,,,,,,,,,,,,,,
,,,,,,,,,,,,,,,,,,,,,,,,,,
,,,,,,,,,,,,,,,,,,,,,,,,,,
,,,,,,,,,,,,,,,,,,,,,,,,,,
,,,,,,,,,,,,,,,,,,,,,,,,,,
,,,,,,,,,,,,,,,,,,,,,,,,,,
,,,,,,,,,,,,,,,,,,,,,,,,,,
,,,,,,,,,,,,,,,,,,,,,,,,,,
,,,,,,,,,,,,,,,,,,,,,,,,,,
,,,,,,,,,,,,,,,,,,,,,,,,,,
,,,,,,,,,,,,,,,,,,,,,,,,,,
,,,,,,,,,,,,,,,,,,,,,,,,,,
,,,,,,,,,,,,,,,,,,,,,,,,,,
,,,,,,,,,,,,,,,,,,,,,,,,,,
,,,,,,,,,,,,,,,,,,,,,,,,,,
,,,,,,,,,,,,,,,,,,,,,,,,,,
,,,,,,,,,,,,,,,,,,,,,,,,,,
,,,,,,,,,,,,,,,,,,,,,,,,,,
,,,,,,,,,,,,,,,,,,,,,,,,,,
,,,,,,,,,,,,,,,,,,,,,,,,,,
,,,,,,,,,,,,,,,,,,,,,,,,,,
,,,,,,,,,,,,,,,,,,,,,,,,,,
,,,,,,,,,,,,,,,,,,,,,,,,,,
,,,,,,,,,,,,,,,,,,,,,,,,,,
,,,,,,,,,,,,,,,,,,,,,,,,,,
,,,,,,,,,,,,,,,,,,,,,,,,,,
,,,,,,,,,,,,,,,,,,,,,,,,,,
,,,,,,,,,,,,,,,,,,,,,,,,,,
,,,,,,,,,,,,,,,,,,,,,,,,,,
,,,,,,,,,,,,,,,,,,,,,,,,,,
,,,,,,,,,,,,,,,,,,,,,,,,,,
,,,,,,,,,,,,,,,,,,,,,,,,,,
,,,,,,,,,,,,,,,,,,,,,,,,,,
,,,,,,,,,,,,,,,,,,,,,,,,,,
,,,,,,,,,,,,,,,,,,,,,,,,,,
,,,,,,,,,,,,,,,,,,,,,,,,,,
,,,,,,,,,,,,,,,,,,,,,,,,,,
,,,,,,,,,,,,,,,,,,,,,,,,,,
,,,,,,,,,,,,,,,,,,,,,,,,,,
,,,,,,,,,,,,,,,,,,,,,,,,,,
,,,,,,,,,,,,,,,,,,,,,,,,,,
,,,,,,,,,,,,,,,,,,,,,,,,,,
,,,,,,,,,,,,,,,,,,,,,,,,,,
,,,,,,,,,,,,,,,,,,,,,,,,,,
,,,,,,,,,,,,,,,,,,,,,,,,,,
,,,,,,,,,,,,,,,,,,,,,,,,,,
,,,,,,,,,,,,,,,,,,,,,,,,,,
,,,,,,,,,,,,,,,,,,,,,,,,,,
,,,,,,,,,,,,,,,,,,,,,,,,,,
,,,,,,,,,,,,,,,,,,,,,,,,,,
,,,,,,,,,,,,,,,,,,,,,,,,,,
,,,,,,,,,,,,,,,,,,,,,,,,,,
,,,,,,,,,,,,,,,,,,,,,,,,,,
,,,,,,,,,,,,,,,,,,,,,,,,,,
,,,,,,,,,,,,,,,,,,,,,,,,,,
,,,,,,,,,,,,,,,,,,,,,,,,,,
,,,,,,,,,,,,,,,,,,,,,,,,,,
,,,,,,,,,,,,,,,,,,,,,,,,,,
,,,,,,,,,,,,,,,,,,,,,,,,,,
,,,,,,,,,,,,,,,,,,,,,,,,,,
,,,,,,,,,,,,,,,,,,,,,,,,,,
,,,,,,,,,,,,,,,,,,,,,,,,,,
,,,,,,,,,,,,,,,,,,,,,,,,,,
,,,,,,,,,,,,,,,,,,,,,,,,,,
,,,,,,,,,,,,,,,,,,,,,,,,,,
,,,,,,,,,,,,,,,,,,,,,,,,,,
,,,,,,,,,,,,,,,,,,,,,,,,,,
,,,,,,,,,,,,,,,,,,,,,,,,,,
,,,,,,,,,,,,,,,,,,,,,,,,,,
,,,,,,,,,,,,,,,,,,,,,,,,,,
,,,,,,,,,,,,,,,,,,,,,,,,,,
,,,,,,,,,,,,,,,,,,,,,,,,,,
,,,,,,,,,,,,,,,,,,,,,,,,,,
,,,,,,,,,,,,,,,,,,,,,,,,,,
,,,,,,,,,,,,,,,,,,,,,,,,,,
,,,,,,,,,,,,,,,,,,,,,,,,,,
,,,,,,,,,,,,,,,,,,,,,,,,,,
,,,,,,,,,,,,,,,,,,,,,,,,,,
,,,,,,,,,,,,,,,,,,,,,,,,,,
,,,,,,,,,,,,,,,,,,,,,,,,,,
,,,,,,,,,,,,,,,,,,,,,,,,,,
,,,,,,,,,,,,,,,,,,,,,,,,,,
,,,,,,,,,,,,,,,,,,,,,,,,,,
,,,,,,,,,,,,,,,,,,,,,,,,,,
,,,,,,,,,,,,,,,,,,,,,,,,,,
,,,,,,,,,,,,,,,,,,,,,,,,,,
,,,,,,,,,,,,,,,,,,,,,,,,,,
,,,,,,,,,,,,,,,,,,,,,,,,,,
,,,,,,,,,,,,,,,,,,,,,,,,,,
,,,,,,,,,,,,,,,,,,,,,,,,,,
,,,,,,,,,,,,,,,,,,,,,,,,,,
,,,,,,,,,,,,,,,,,,,,,,,,,,
,,,,,,,,,,,,,,,,,,,,,,,,,,
,,,,,,,,,,,,,,,,,,,,,,,,,,
,,,,,,,,,,,,,,,,,,,,,,,,,,
,,,,,,,,,,,,,,,,,,,,,,,,,,
,,,,,,,,,,,,,,,,,,,,,,,,,,
,,,,,,,,,,,,,,,,,,,,,,,,,,
,,,,,,,,,,,,,,,,,,,,,,,,,,
,,,,,,,,,,,,,,,,,,,,,,,,,,
,,,,,,,,,,,,,,,,,,,,,,,,,,
,,,,,,,,,,,,,,,,,,,,,,,,,,
,,,,,,,,,,,,,,,,,,,,,,,,,,
,,,,,,,,,,,,,,,,,,,,,,,,,,
,,,,,,,,,,,,,,,,,,,,,,,,,,
,,,,,,,,,,,,,,,,,,,,,,,,,,
,,,,,,,,,,,,,,,,,,,,,,,,,,
,,,,,,,,,,,,,,,,,,,,,,,,,,
,,,,,,,,,,,,,,,,,,,,,,,,,,
,,,,,,,,,,,,,,,,,,,,,,,,,,
,,,,,,,,,,,,,,,,,,,,,,,,,,
,,,,,,,,,,,,,,,,,,,,,,,,,,
,,,,,,,,,,,,,,,,,,,,,,,,,,
,,,,,,,,,,,,,,,,,,,,,,,,,,
,,,,,,,,,,,,,,,,,,,,,,,,,,
,,,,,,,,,,,,,,,,,,,,,,,,,,
,,,,,,,,,,,,,,,,,,,,,,,,,,
,,,,,,,,,,,,,,,,,,,,,,,,,,
,,,,,,,,,,,,,,,,,,,,,,,,,,
,,,,,,,,,,,,,,,,,,,,,,,,,,
,,,,,,,,,,,,,,,,,,,,,,,,,,
,,,,,,,,,,,,,,,,,,,,,,,,,,
,,,,,,,,,,,,,,,,,,,,,,,,,,
,,,,,,,,,,,,,,,,,,,,,,,,,,
,,,,,,,,,,,,,,,,,,,,,,,,,,
,,,,,,,,,,,,,,,,,,,,,,,,,,
,,,,,,,,,,,,,,,,,,,,,,,,,,
,,,,,,,,,,,,,,,,,,,,,,,,,,
,,,,,,,,,,,,,,,,,,,,,,,,,,
,,,,,,,,,,,,,,,,,,,,,,,,,,
,,,,,,,,,,,,,,,,,,,,,,,,,,
,,,,,,,,,,,,,,,,,,,,,,,,,,
,,,,,,,,,,,,,,,,,,,,,,,,,,
,,,,,,,,,,,,,,,,,,,,,,,,,,
,,,,,,,,,,,,,,,,,,,,,,,,,,
,,,,,,,,,,,,,,,,,,,,,,,,,,
,,,,,,,,,,,,,,,,,,,,,,,,,,
,,,,,,,,,,,,,,,,,,,,,,,,,,
,,,,,,,,,,,,,,,,,,,,,,,,,,
,,,,,,,,,,,,,,,,,,,,,,,,,,
,,,,,,,,,,,,,,,,,,,,,,,,,,
,,,,,,,,,,,,,,,,,,,,,,,,,,
,,,,,,,,,,,,,,,,,,,,,,,,,,
,,,,,,,,,,,,,,,,,,,,,,,,,,
,,,,,,,,,,,,,,,,,,,,,,,,,,
,,,,,,,,,,,,,,,,,,,,,,,,,,
,,,,,,,,,,,,,,,,,,,,,,,,,,
,,,,,,,,,,,,,,,,,,,,,,,,,,
,,,,,,,,,,,,,,,,,,,,,,,,,,
,,,,,,,,,,,,,,,,,,,,,,,,,,
,,,,,,,,,,,,,,,,,,,,,,,,,,
,,,,,,,,,,,,,,,,,,,,,,,,,,
,,,,,,,,,,,,,,,,,,,,,,,,,,
,,,,,,,,,,,,,,,,,,,,,,,,,,
,,,,,,,,,,,,,,,,,,,,,,,,,,
,,,,,,,,,,,,,,,,,,,,,,,,,,
,,,,,,,,,,,,,,,,,,,,,,,,,,
,,,,,,,,,,,,,,,,,,,,,,,,,,
,,,,,,,,,,,,,,,,,,,,,,,,,,
,,,,,,,,,,,,,,,,,,,,,,,,,,
,,,,,,,,,,,,,,,,,,,,,,,,,,
,,,,,,,,,,,,,,,,,,,,,,,,,,
,,,,,,,,,,,,,,,,,,,,,,,,,,
,,,,,,,,,,,,,,,,,,,,,,,,,,
,,,,,,,,,,,,,,,,,,,,,,,,,,
,,,,,,,,,,,,,,,,,,,,,,,,,,
,,,,,,,,,,,,,,,,,,,,,,,,,,
,,,,,,,,,,,,,,,,,,,,,,,,,,
,,,,,,,,,,,,,,,,,,,,,,,,,,
,,,,,,,,,,,,,,,,,,,,,,,,,,
,,,,,,,,,,,,,,,,,,,,,,,,,,
,,,,,,,,,,,,,,,,,,,,,,,,,,
,,,,,,,,,,,,,,,,,,,,,,,,,,
,,,,,,,,,,,,,,,,,,,,,,,,,,
,,,,,,,,,,,,,,,,,,,,,,,,,,
,,,,,,,,,,,,,,,,,,,,,,,,,,
,,,,,,,,,,,,,,,,,,,,,,,,,,
,,,,,,,,,,,,,,,,,,,,,,,,,,
,,,,,,,,,,,,,,,,,,,,,,,,,,
,,,,,,,,,,,,,,,,,,,,,,,,,,
,,,,,,,,,,,,,,,,,,,,,,,,,,
,,,,,,,,,,,,,,,,,,,,,,,,,,
,,,,,,,,,,,,,,,,,,,,,,,,,,
,,,,,,,,,,,,,,,,,,,,,,,,,,
,,,,,,,,,,,,,,,,,,,,,,,,,,
,,,,,,,,,,,,,,,,,,,,,,,,,,
,,,,,,,,,,,,,,,,,,,,,,,,,,
,,,,,,,,,,,,,,,,,,,,,,,,,,
,,,,,,,,,,,,,,,,,,,,,,,,,,
,,,,,,,,,,,,,,,,,,,,,,,,,,
,,,,,,,,,,,,,,,,,,,,,,,,,,
,,,,,,,,,,,,,,,,,,,,,,,,,,
,,,,,,,,,,,,,,,,,,,,,,,,,,
,,,,,,,,,,,,,,,,,,,,,,,,,,
,,,,,,,,,,,,,,,,,,,,,,,,,,
,,,,,,,,,,,,,,,,,,,,,,,,,,
,,,,,,,,,,,,,,,,,,,,,,,,,,
,,,,,,,,,,,,,,,,,,,,,,,,,,
,,,,,,,,,,,,,,,,,,,,,,,,,,
,,,,,,,,,,,,,,,,,,,,,,,,,,
,,,,,,,,,,,,,,,,,,,,,,,,,,
,,,,,,,,,,,,,,,,,,,,,,,,,,
,,,,,,,,,,,,,,,,,,,,,,,,,,
,,,,,,,,,,,,,,,,,,,,,,,,,,
,,,,,,,,,,,,,,,,,,,,,,,,,,
,,,,,,,,,,,,,,,,,,,,,,,,,,
,,,,,,,,,,,,,,,,,,,,,,,,,,
,,,,,,,,,,,,,,,,,,,,,,,,,,
,,,,,,,,,,,,,,,,,,,,,,,,,,
,,,,,,,,,,,,,,,,,,,,,,,,,,
,,,,,,,,,,,,,,,,,,,,,,,,,,
,,,,,,,,,,,,,,,,,,,,,,,,,,
,,,,,,,,,,,,,,,,,,,,,,,,,,
,,,,,,,,,,,,,,,,,,,,,,,,,,
,,,,,,,,,,,,,,,,,,,,,,,,,,
,,,,,,,,,,,,,,,,,,,,,,,,,,
,,,,,,,,,,,,,,,,,,,,,,,,,,
,,,,,,,,,,,,,,,,,,,,,,,,,,
,,,,,,,,,,,,,,,,,,,,,,,,,,
,,,,,,,,,,,,,,,,,,,,,,,,,,
,,,,,,,,,,,,,,,,,,,,,,,,,,
,,,,,,,,,,,,,,,,,,,,,,,,,,
,,,,,,,,,,,,,,,,,,,,,,,,,,
,,,,,,,,,,,,,,,,,,,,,,,,,,
,,,,,,,,,,,,,,,,,,,,,,,,,,
,,,,,,,,,,,,,,,,,,,,,,,,,,
,,,,,,,,,,,,,,,,,,,,,,,,,,
,,,,,,,,,,,,,,,,,,,,,,,,,,
,,,,,,,,,,,,,,,,,,,,,,,,,,
,,,,,,,,,,,,,,,,,,,,,,,,,,
,,,,,,,,,,,,,,,,,,,,,,,,,,
,,,,,,,,,,,,,,,,,,,,,,,,,,
,,,,,,,,,,,,,,,,,,,,,,,,,,
,,,,,,,,,,,,,,,,,,,,,,,,,,
,,,,,,,,,,,,,,,,,,,,,,,,,,
,,,,,,,,,,,,,,,,,,,,,,,,,,
,,,,,,,,,,,,,,,,,,,,,,,,,,
,,,,,,,,,,,,,,,,,,,,,,,,,,
,,,,,,,,,,,,,,,,,,,,,,,,,,
,,,,,,,,,,,,,,,,,,,,,,,,,,
,,,,,,,,,,,,,,,,,,,,,,,,,,
,,,,,,,,,,,,,,,,,,,,,,,,,,
,,,,,,,,,,,,,,,,,,,,,,,,,,
,,,,,,,,,,,,,,,,,,,,,,,,,,
,,,,,,,,,,,,,,,,,,,,,,,,,,
,,,,,,,,,,,,,,,,,,,,,,,,,,
,,,,,,,,,,,,,,,,,,,,,,,,,,
,,,,,,,,,,,,,,,,,,,,,,,,,,
,,,,,,,,,,,,,,,,,,,,,,,,,,
,,,,,,,,,,,,,,,,,,,,,,,,,,
,,,,,,,,,,,,,,,,,,,,,,,,,,
,,,,,,,,,,,,,,,,,,,,,,,,,,
,,,,,,,,,,,,,,,,,,,,,,,,,,
,,,,,,,,,,,,,,,,,,,,,,,,,,
,,,,,,,,,,,,,,,,,,,,,,,,,,
,,,,,,,,,,,,,,,,,,,,,,,,,,
,,,,,,,,,,,,,,,,,,,,,,,,,,
,,,,,,,,,,,,,,,,,,,,,,,,,,
,,,,,,,,,,,,,,,,,,,,,,,,,,
,,,,,,,,,,,,,,,,,,,,,,,,,,
,,,,,,,,,,,,,,,,,,,,,,,,,,
,,,,,,,,,,,,,,,,,,,,,,,,,,
,,,,,,,,,,,,,,,,,,,,,,,,,,
,,,,,,,,,,,,,,,,,,,,,,,,,,
,,,,,,,,,,,,,,,,,,,,,,,,,,
,,,,,,,,,,,,,,,,,,,,,,,,,,
,,,,,,,,,,,,,,,,,,,,,,,,,,
,,,,,,,,,,,,,,,,,,,,,,,,,,
,,,,,,,,,,,,,,,,,,,,,,,,,,
,,,,,,,,,,,,,,,,,,,,,,,,,,
,,,,,,,,,,,,,,,,,,,,,,,,,,
,,,,,,,,,,,,,,,,,,,,,,,,,,
,,,,,,,,,,,,,,,,,,,,,,,,,,
,,,,,,,,,,,,,,,,,,,,,,,,,,
,,,,,,,,,,,,,,,,,,,,,,,,,,
,,,,,,,,,,,,,,,,,,,,,,,,,,
,,,,,,,,,,,,,,,,,,,,,,,,,,
,,,,,,,,,,,,,,,,,,,,,,,,,,
,,,,,,,,,,,,,,,,,,,,,,,,,,
,,,,,,,,,,,,,,,,,,,,,,,,,,
,,,,,,,,,,,,,,,,,,,,,,,,,,
,,,,,,,,,,,,,,,,,,,,,,,,,,
,,,,,,,,,,,,,,,,,,,,,,,,,,
,,,,,,,,,,,,,,,,,,,,,,,,,,
,,,,,,,,,,,,,,,,,,,,,,,,,,
,,,,,,,,,,,,,,,,,,,,,,,,,,
,,,,,,,,,,,,,,,,,,,,,,,,,,
,,,,,,,,,,,,,,,,,,,,,,,,,,
,,,,,,,,,,,,,,,,,,,,,,,,,,
,,,,,,,,,,,,,,,,,,,,,,,,,,
,,,,,,,,,,,,,,,,,,,,,,,,,,
,,,,,,,,,,,,,,,,,,,,,,,,,,
,,,,,,,,,,,,,,,,,,,,,,,,,,
,,,,,,,,,,,,,,,,,,,,,,,,,,
,,,,,,,,,,,,,,,,,,,,,,,,,,
,,,,,,,,,,,,,,,,,,,,,,,,,,
,,,,,,,,,,,,,,,,,,,,,,,,,,
,,,,,,,,,,,,,,,,,,,,,,,,,,
,,,,,,,,,,,,,,,,,,,,,,,,,,
,,,,,,,,,,,,,,,,,,,,,,,,,,
,,,,,,,,,,,,,,,,,,,,,,,,,,
,,,,,,,,,,,,,,,,,,,,,,,,,,
,,,,,,,,,,,,,,,,,,,,,,,,,,
,,,,,,,,,,,,,,,,,,,,,,,,,,
,,,,,,,,,,,,,,,,,,,,,,,,,,
,,,,,,,,,,,,,,,,,,,,,,,,,,
,,,,,,,,,,,,,,,,,,,,,,,,,,
,,,,,,,,,,,,,,,,,,,,,,,,,,
,,,,,,,,,,,,,,,,,,,,,,,,,,
,,,,,,,,,,,,,,,,,,,,,,,,,,
,,,,,,,,,,,,,,,,,,,,,,,,,,
,,,,,,,,,,,,,,,,,,,,,,,,,,
,,,,,,,,,,,,,,,,,,,,,,,,,,
,,,,,,,,,,,,,,,,,,,,,,,,,,
,,,,,,,,,,,,,,,,,,,,,,,,,,
,,,,,,,,,,,,,,,,,,,,,,,,,,
,,,,,,,,,,,,,,,,,,,,,,,,,,
,,,,,,,,,,,,,,,,,,,,,,,,,,
,,,,,,,,,,,,,,,,,,,,,,,,,,
,,,,,,,,,,,,,,,,,,,,,,,,,,
,,,,,,,,,,,,,,,,,,,,,,,,,,
,,,,,,,,,,,,,,,,,,,,,,,,,,
,,,,,,,,,,,,,,,,,,,,,,,,,,
,,,,,,,,,,,,,,,,,,,,,,,,,,
,,,,,,,,,,,,,,,,,,,,,,,,,,
,,,,,,,,,,,,,,,,,,,,,,,,,,
,,,,,,,,,,,,,,,,,,,,,,,,,,
,,,,,,,,,,,,,,,,,,,,,,,,,,
,,,,,,,,,,,,,,,,,,,,,,,,,,
,,,,,,,,,,,,,,,,,,,,,,,,,,
,,,,,,,,,,,,,,,,,,,,,,,,,,
,,,,,,,,,,,,,,,,,,,,,,,,,,
,,,,,,,,,,,,,,,,,,,,,,,,,,
,,,,,,,,,,,,,,,,,,,,,,,,,,
,,,,,,,,,,,,,,,,,,,,,,,,,,
,,,,,,,,,,,,,,,,,,,,,,,,,,
,,,,,,,,,,,,,,,,,,,,,,,,,,
,,,,,,,,,,,,,,,,,,,,,,,,,,
,,,,,,,,,,,,,,,,,,,,,,,,,,
,,,,,,,,,,,,,,,,,,,,,,,,,,
,,,,,,,,,,,,,,,,,,,,,,,,,,
,,,,,,,,,,,,,,,,,,,,,,,,,,
,,,,,,,,,,,,,,,,,,,,,,,,,,
,,,,,,,,,,,,,,,,,,,,,,,,,,
,,,,,,,,,,,,,,,,,,,,,,,,,,
,,,,,,,,,,,,,,,,,,,,,,,,,,
,,,,,,,,,,,,,,,,,,,,,,,,,,
,,,,,,,,,,,,,,,,,,,,,,,,,,
,,,,,,,,,,,,,,,,,,,,,,,,,,
,,,,,,,,,,,,,,,,,,,,,,,,,,
,,,,,,,,,,,,,,,,,,,,,,,,,,
,,,,,,,,,,,,,,,,,,,,,,,,,,
,,,,,,,,,,,,,,,,,,,,,,,,,,
,,,,,,,,,,,,,,,,,,,,,,,,,,
,,,,,,,,,,,,,,,,,,,,,,,,,,
,,,,,,,,,,,,,,,,,,,,,,,,,,
,,,,,,,,,,,,,,,,,,,,,,,,,,
,,,,,,,,,,,,,,,,,,,,,,,,,,
,,,,,,,,,,,,,,,,,,,,,,,,,,
,,,,,,,,,,,,,,,,,,,,,,,,,,
,,,,,,,,,,,,,,,,,,,,,,,,,,
,,,,,,,,,,,,,,,,,,,,,,,,,,
,,,,,,,,,,,,,,,,,,,,,,,,,,
,,,,,,,,,,,,,,,,,,,,,,,,,,
,,,,,,,,,,,,,,,,,,,,,,,,,,
,,,,,,,,,,,,,,,,,,,,,,,,,,
,,,,,,,,,,,,,,,,,,,,,,,,,,
,,,,,,,,,,,,,,,,,,,,,,,,,,
,,,,,,,,,,,,,,,,,,,,,,,,,,
,,,,,,,,,,,,,,,,,,,,,,,,,,
,,,,,,,,,,,,,,,,,,,,,,,,,,
,,,,,,,,,,,,,,,,,,,,,,,,,,
,,,,,,,,,,,,,,,,,,,,,,,,,,
,,,,,,,,,,,,,,,,,,,,,,,,,,
,,,,,,,,,,,,,,,,,,,,,,,,,,
,,,,,,,,,,,,,,,,,,,,,,,,,,
,,,,,,,,,,,,,,,,,,,,,,,,,,
,,,,,,,,,,,,,,,,,,,,,,,,,,
,,,,,,,,,,,,,,,,,,,,,,,,,,
,,,,,,,,,,,,,,,,,,,,,,,,,,
,,,,,,,,,,,,,,,,,,,,,,,,,,
,,,,,,,,,,,,,,,,,,,,,,,,,,
,,,,,,,,,,,,,,,,,,,,,,,,,,
,,,,,,,,,,,,,,,,,,,,,,,,,,
,,,,,,,,,,,,,,,,,,,,,,,,,,
,,,,,,,,,,,,,,,,,,,,,,,,,,
,,,,,,,,,,,,,,,,,,,,,,,,,,
,,,,,,,,,,,,,,,,,,,,,,,,,,
,,,,,,,,,,,,,,,,,,,,,,,,,,
,,,,,,,,,,,,,,,,,,,,,,,,,,
,,,,,,,,,,,,,,,,,,,,,,,,,,
,,,,,,,,,,,,,,,,,,,,,,,,,,
,,,,,,,,,,,,,,,,,,,,,,,,,,
,,,,,,,,,,,,,,,,,,,,,,,,,,
,,,,,,,,,,,,,,,,,,,,,,,,,,
,,,,,,,,,,,,,,,,,,,,,,,,,,
,,,,,,,,,,,,,,,,,,,,,,,,,,
,,,,,,,,,,,,,,,,,,,,,,,,,,
,,,,,,,,,,,,,,,,,,,,,,,,,,
,,,,,,,,,,,,,,,,,,,,,,,,,,
,,,,,,,,,,,,,,,,,,,,,,,,,,
,,,,,,,,,,,,,,,,,,,,,,,,,,
,,,,,,,,,,,,,,,,,,,,,,,,,,
,,,,,,,,,,,,,,,,,,,,,,,,,,
,,,,,,,,,,,,,,,,,,,,,,,,,,
,,,,,,,,,,,,,,,,,,,,,,,,,,
,,,,,,,,,,,,,,,,,,,,,,,,,,
,,,,,,,,,,,,,,,,,,,,,,,,,,
,,,,,,,,,,,,,,,,,,,,,,,,,,
,,,,,,,,,,,,,,,,,,,,,,,,,,
,,,,,,,,,,,,,,,,,,,,,,,,,,
,,,,,,,,,,,,,,,,,,,,,,,,,,
,,,,,,,,,,,,,,,,,,,,,,,,,,
,,,,,,,,,,,,,,,,,,,,,,,,,,
,,,,,,,,,,,,,,,,,,,,,,,,,,
,,,,,,,,,,,,,,,,,,,,,,,,,,
,,,,,,,,,,,,,,,,,,,,,,,,,,
,,,,,,,,,,,,,,,,,,,,,,,,,,
,,,,,,,,,,,,,,,,,,,,,,,,,,
,,,,,,,,,,,,,,,,,,,,,,,,,,
,,,,,,,,,,,,,,,,,,,,,,,,,,
,,,,,,,,,,,,,,,,,,,,,,,,,,
,,,,,,,,,,,,,,,,,,,,,,,,,,
,,,,,,,,,,,,,,,,,,,,,,,,,,
,,,,,,,,,,,,,,,,,,,,,,,,,,
,,,,,,,,,,,,,,,,,,,,,,,,,,
,,,,,,,,,,,,,,,,,,,,,,,,,,
,,,,,,,,,,,,,,,,,,,,,,,,,,
,,,,,,,,,,,,,,,,,,,,,,,,,,
,,,,,,,,,,,,,,,,,,,,,,,,,,
,,,,,,,,,,,,,,,,,,,,,,,,,,
,,,,,,,,,,,,,,,,,,,,,,,,,,
,,,,,,,,,,,,,,,,,,,,,,,,,,
,,,,,,,,,,,,,,,,,,,,,,,,,,
,,,,,,,,,,,,,,,,,,,,,,,,,,
,,,,,,,,,,,,,,,,,,,,,,,,,,
,,,,,,,,,,,,,,,,,,,,,,,,,,
,,,,,,,,,,,,,,,,,,,,,,,,,,
,,,,,,,,,,,,,,,,,,,,,,,,,,
,,,,,,,,,,,,,,,,,,,,,,,,,,
,,,,,,,,,,,,,,,,,,,,,,,,,,
,,,,,,,,,,,,,,,,,,,,,,,,,,
,,,,,,,,,,,,,,,,,,,,,,,,,,
,,,,,,,,,,,,,,,,,,,,,,,,,,
,,,,,,,,,,,,,,,,,,,,,,,,,,
,,,,,,,,,,,,,,,,,,,,,,,,,,
,,,,,,,,,,,,,,,,,,,,,,,,,,
,,,,,,,,,,,,,,,,,,,,,,,,,,
,,,,,,,,,,,,,,,,,,,,,,,,,,
,,,,,,,,,,,,,,,,,,,,,,,,,,
,,,,,,,,,,,,,,,,,,,,,,,,,,
,,,,,,,,,,,,,,,,,,,,,,,,,,
